method,seed,task,cpa_minus_50bin,initial_50bin_residual,cpa_minus_nearest_non_cpa,initial_nearest_residual,nearest_initial_mae,nearest_initial_max,cpa_n,unique_donors
finetune,7,baseline,2.849685843112585,-0.019275769056282144,5.3771368726466395,0.045547595522718205,0.15193338132764736,14.582221984863281,887,543
finetune,7,wind5,2.268432255281109,-0.011151435624066508,5.162236038376303,0.0038252072692159223,0.1482614260053538,4.298088073730469,986,559
finetune,7,speed15,6.2269298067677,0.11116779213582717,10.388072421662828,0.16199801391006535,0.23242220927847076,43.46707534790039,702,507
finetune,7,alt180,0.4085629655837385,0.007653914389040395,0.768649960768193,0.013777205102758813,0.12322013314228106,3.8018569946289062,802,504
finetune,7,speed10,6.938025247268627,0.01085197650263936,11.970984273123104,0.02563503066227061,0.09336189912405495,8.270950317382812,674,491
finetune,11,baseline,1.5869591941089745,-0.018886251948826427,3.6628670611134244,0.03708979463899821,0.13294441744332383,16.46881103515625,887,524
finetune,11,wind5,1.9683244961027384,-0.005771573471994529,5.013478298095371,0.008417447125935893,0.14276448297210445,4.438941955566406,986,565
finetune,11,speed15,4.667742849806189,0.10834630275939006,8.172453179530947,0.16728797712047555,0.23629836466407503,43.47210693359375,702,465
finetune,11,alt180,0.4553060346551283,-0.029710770393645447,0.6708639580709976,-0.0013213119750605557,0.1354681958730084,5.413185119628906,802,508
finetune,11,speed10,5.408498990653136,0.019361521514774438,9.086897988789866,0.024925008283524556,0.08629262597695303,6.586570739746094,674,479
finetune,23,baseline,0.7639946839155289,-0.005566231340369043,1.9527971418962942,0.045002241447786334,0.1342405893555354,17.61931610107422,887,519
finetune,23,wind5,1.9985881679434438,0.00978450102183892,4.768772902310983,0.0019399320317572077,0.16225427035506793,4.2298126220703125,986,532
finetune,23,speed15,2.9683842718261246,0.06346396552966027,5.301584489197812,0.17102799367191446,0.24725419889997552,44.33464050292969,702,484
finetune,23,alt180,0.5844365578934143,-0.026931272694223907,1.3306732546733204,0.004705922524827971,0.12546539949508675,3.9574050903320312,802,516
finetune,23,speed10,4.371977263592193,0.033300649205664,7.578680112316807,0.045119735249249095,0.09684214705617916,9.340335845947266,674,478
finetune,47,baseline,1.6643567607130745,-0.05640759594671785,3.6197331203011274,0.027662878509573094,0.11647318436301145,9.910396575927734,887,521
finetune,47,wind5,1.4828498868531454,0.009039158016475923,3.7041168635442823,0.005489957562324725,0.16167120880335872,5.281646728515625,986,549
finetune,47,speed15,4.020441608527289,0.06383523218273268,6.482421114998326,0.17645149616434364,0.2491545881810691,44.32635498046875,702,498
finetune,47,alt180,0.3273074155808238,-0.011739651823361896,0.4144386023728925,0.020497978179532098,0.12483872766803922,4.804897308349609,802,519
finetune,47,speed10,5.514317679872875,0.015998489207932565,9.178526902587903,0.03620494632409659,0.09412073753000368,7.87255859375,674,485
finetune,59,baseline,2.9200888652094363,-0.0006660387540957657,5.7772043864447475,0.0362487662806183,0.13646554668027627,18.12615966796875,887,549
finetune,59,wind5,2.158332942533864,0.002228747523771446,4.4879755820875,0.0009410925980271964,0.1492933817736759,5.168060302734375,986,555
finetune,59,speed15,5.617259399840503,0.05190288500870999,10.236913672730624,0.15202091033557202,0.23554911099353068,42.28896141052246,702,474
finetune,59,alt180,0.5191360261065355,0.020141990544125576,1.096842658081257,-0.008028620050435054,0.1058829041787811,2.921283721923828,802,510
finetune,59,speed10,6.038347401989981,0.022033347548850557,11.797307450445894,0.03611174234650609,0.09868392189107945,10.268321990966797,674,473
finetune,71,baseline,2.472687985250932,-0.028794990135265763,5.055895790104936,0.03509082714895788,0.1309655547948405,17.878997802734375,887,534
finetune,71,wind5,2.3838751050302847,-0.0094878924766153,6.200344646557349,-0.0021694423460815308,0.14564315663389937,4.573261260986328,986,545
finetune,71,speed15,5.258405143783559,0.10313453582473642,9.635392624131295,0.16091838721026722,0.2424586052313829,44.35693168640137,702,477
finetune,71,alt180,0.5979823031124787,0.020291931265104424,1.2811411164347966,0.007772685323570137,0.12881136486803801,4.7894134521484375,802,503
finetune,71,speed10,7.072353734928498,0.028456175450761734,12.375505118368288,0.04805867471220939,0.09542137636452118,13.006580352783203,674,487
finetune,89,baseline,2.3054793245761207,-0.03029052658049558,5.054214289115811,0.0392873246882115,0.14339230952967114,17.762954711914062,887,536
finetune,89,wind5,1.2024289881016834,-0.008816216462976811,2.525170085774111,0.022220929408291047,0.15927363688817614,5.185272216796875,986,556
finetune,89,speed15,5.017359455253896,0.11285164599657449,8.580230913780353,0.1726250280002583,0.25367973417977663,40.74140548706055,702,486
finetune,89,alt180,0.5402812946523874,-0.017929975012815902,1.1192987061795452,-0.0069357757259188154,0.13654851839132143,3.9665565490722656,802,518
finetune,89,speed10,5.4187560770313254,0.04826933800506339,8.76257432842467,0.04785936213034905,0.10979867078783957,17.651947021484375,674,480
finetune,107,baseline,2.5741700124681794,-0.02038067348386363,5.530801562791881,0.0271618785053122,0.1530011614622903,14.989051818847656,887,530
finetune,107,wind5,1.6922246914117602,-0.0002162680948387674,3.9690849134211126,0.023085048788701303,0.15271692319525668,5.672355651855469,986,563
finetune,107,speed15,5.311521117078453,0.09180723471156149,9.424983317780699,0.18195674315816657,0.23488291028218392,44.79743003845215,702,470
finetune,107,alt180,0.22984825540345052,-0.01233864460465206,0.2843835987057769,0.011116429903263463,0.12798683951025888,3.9139976501464844,802,524
finetune,107,speed10,5.441591857322962,0.036004913301450614,9.464807754631213,0.045048428395381666,0.09294614929827455,10.518013000488281,674,482
reservoir,7,baseline,0.2146075208395582,-0.019275769056282144,0.4159044459747757,0.045547595522718205,0.15193338132764736,14.582221984863281,887,543
reservoir,7,wind5,0.0415203395112233,0.024887551439988442,0.0476884258264944,-0.011906841161526724,0.16725867726739957,4.2176055908203125,986,545
reservoir,7,speed15,0.36070682195254933,0.1181508194137475,0.5294438839977623,0.1755263951853809,0.24428621142508297,42.45433044433594,702,479
reservoir,7,alt180,0.12083089473249845,0.015946750935697196,0.41489340978073064,0.015561382186383083,0.1319419665452548,5.350765228271484,802,521
reservoir,7,speed10,0.16839314384745555,0.02633775056566634,0.4340465775848496,0.028543766996980774,0.10657038139483342,14.099760055541992,674,470
reservoir,11,baseline,0.7211568630971528,-0.018886251948826427,1.500953327574617,0.03708979463899821,0.13294441744332383,16.46881103515625,887,524
reservoir,11,wind5,0.2274205000534532,-0.006368522268502375,0.5803085304418877,-0.003650760614364191,0.14389711019958976,3.5659103393554688,986,550
reservoir,11,speed15,0.867945141567149,0.05646524377108264,1.605281148434874,0.1748625090149393,0.22739172126153256,44.022565841674805,702,491
reservoir,11,alt180,0.47226406352086714,-0.02673683985191566,0.9725869013707239,-0.00022776272528783937,0.11075686293647176,3.8616905212402344,802,517
reservoir,11,speed10,0.37398089633372067,0.03263382625704736,0.6523446051144105,0.03700813368095489,0.09732278721622614,8.008995056152344,674,489
reservoir,23,baseline,-0.02724388584244486,-0.005566231340369043,-0.011074282203747428,0.045002241447786334,0.1342405893555354,17.61931610107422,887,519
reservoir,23,wind5,-0.11143590230821586,-0.00032136333763332914,-0.3101849150343309,0.0030528588058015152,0.1483699611065112,3.6432647705078125,986,557
reservoir,23,speed15,0.15177737131496827,0.07696514720105263,0.2544795261998462,0.1740123112486978,0.24471956211277562,42.615692138671875,702,492
reservoir,23,alt180,0.009789696316431173,-0.009879949875019278,0.12006185941416724,-0.0018882787510046638,0.12347645507637699,7.425445556640625,802,538
reservoir,23,speed10,0.10680178765748487,0.015415577930234292,0.21528621265548628,0.03061532549759047,0.09422148671277553,8.920478820800781,674,494
reservoir,47,baseline,0.05195415444496518,-0.05640759594671785,0.04736146166198283,0.027662878509573094,0.11647318436301145,9.910396575927734,887,521
reservoir,47,wind5,-0.09716987307584496,-0.000914938934997167,-0.19863622848692578,0.00556693835142418,0.17612304509774182,6.618415832519531,986,534
reservoir,47,speed15,0.09821211732334334,0.08818919827537819,0.23512285232459038,0.15596464019470405,0.239621675188555,42.50067138671875,702,498
reservoir,47,alt180,0.263169640294039,0.01152733535522188,0.7523471464279882,0.01524660050720348,0.1252362473201276,4.30169677734375,802,518
reservoir,47,speed10,0.5940698355348242,0.009355572100597342,1.0256402623405796,0.03782004378846562,0.09563452964897326,7.413410186767578,674,488
reservoir,59,baseline,-0.3462148334915863,-0.0006660387540957657,-1.115460477156193,0.0362487662806183,0.13646554668027627,18.12615966796875,887,549
reservoir,59,wind5,-0.09540183320360851,0.009678334609251493,-0.04077354152110721,0.012794533166392097,0.13881023663415387,3.4867630004882812,986,540
reservoir,59,speed15,-0.04081415486352846,0.08126116320937982,-0.26837065559082224,0.18420404609706667,0.25451406261265447,39.0920295715332,702,478
reservoir,59,alt180,0.14493947858579576,-0.016924693840294935,0.22358203261273163,0.0051828448909179235,0.10485007236723293,4.434574127197266,802,530
reservoir,59,speed10,0.30646629782677726,0.005263445982013337,0.48219403414503403,0.03902573472314489,0.0998211380989686,8.555030822753906,674,486
reservoir,71,baseline,0.45368073822260846,-0.028794990135265763,0.8151416881377426,0.03509082714895788,0.1309655547948405,17.878997802734375,887,534
reservoir,71,wind5,-0.16739713555597824,0.0028942663583872985,-0.20578574738323568,0.003365644093217521,0.1519798869777161,3.999603271484375,986,550
reservoir,71,speed15,-0.07229319091697434,0.1123962366681166,-0.284132093488321,0.19209060064408173,0.2662568561032287,45.067718505859375,702,468
reservoir,71,alt180,0.33918547140188793,0.016435814870693122,0.3513952113520772,0.03218342690842407,0.1253478056251854,4.246562957763672,802,517
reservoir,71,speed10,0.0029055972816828257,0.02708087168628026,0.0005472423149499412,0.026232478040262217,0.08352510471902898,6.269596099853516,674,477
reservoir,89,baseline,0.13060055202949586,-0.03029052658049558,0.40288284108496303,0.0392873246882115,0.14339230952967114,17.762954711914062,887,536
reservoir,89,wind5,0.04367393275599976,0.0031673071153388577,0.050645867117036426,0.023228146483400047,0.1613248281981834,3.9160308837890625,986,533
reservoir,89,speed15,0.44179174489135853,0.11126624328589152,0.8127526245225868,0.14126730695409312,0.22272784774459664,40.64649963378906,702,481
reservoir,89,alt180,0.5805496458538981,-0.015189105365900346,0.6336918259945297,0.025488821125387254,0.13645745639194573,4.481052398681641,802,512
reservoir,89,speed10,0.204787409781108,0.051022167990034006,0.4169452207201666,0.07266284419273411,0.14251860573843608,36.893192291259766,674,486
reservoir,107,baseline,-0.12574340316625854,-0.02038067348386363,-0.10157682851645697,0.0271618785053122,0.1530011614622903,14.989051818847656,887,530
reservoir,107,wind5,0.16046786450852094,0.005409464889684301,0.15841600468144212,0.0038985020611397394,0.15680749523954024,3.7729644775390625,986,547
reservoir,107,speed15,0.006233047101809636,0.04826942022505776,-0.12312836741280352,0.1776680146951621,0.2563562151628342,40.787960052490234,702,486
reservoir,107,alt180,0.2788218502398389,0.0018345526740404239,0.49220496438387923,0.021972759183208245,0.14465905491847944,6.944664001464844,802,513
reservoir,107,speed10,0.445627999323061,0.038499715849718896,0.8771972781826551,0.031033775661394928,0.09050738979517883,8.639644622802734,674,487
gss_adapted,7,baseline,-0.11120128861681672,-0.019275769056282144,-0.27970960783313337,0.045547595522718205,0.15193338132764736,14.582221984863281,887,543
gss_adapted,7,wind5,-0.03768462137974904,0.0017141404016651762,-0.04114503693024479,-0.003441678824821302,0.14937341878186858,3.88311767578125,986,545
gss_adapted,7,speed15,-0.1084980979206005,0.07270343826235326,-0.1621935277582913,0.15819702770805086,0.234548966047431,41.44083213806152,702,496
gss_adapted,7,alt180,0.269920073657531,-0.012549159989454495,0.6253351877603744,0.014954106394489507,0.1323204579347387,6.441230773925781,802,514
gss_adapted,7,speed10,-0.003782879601454875,0.01689504431013411,0.061659663296594815,0.02746195242206845,0.08491079889525292,7.666538238525391,674,493
gss_adapted,11,baseline,-0.0021514380543870004,-0.018886251948826427,-0.15573421318877778,0.03708979463899821,0.13294441744332383,16.46881103515625,887,524
gss_adapted,11,wind5,-0.24206008275143176,0.007110372646764063,-0.6456543853993831,-0.0015220278779585028,0.16031863233622382,3.9895782470703125,986,548
gss_adapted,11,speed15,0.15955748913790868,0.10588863522980674,0.21672479220350244,0.17304338302537586,0.23054243963837964,43.88497734069824,702,476
gss_adapted,11,alt180,0.3871700309811388,-0.007890068912978165,0.7092945708003722,-0.0016997369596191178,0.1291523188575545,4.0732879638671875,802,506
gss_adapted,11,speed10,0.12130651265830375,0.01942969837380204,0.23980385728335168,0.0135921292029078,0.08989100702084844,7.384616851806641,674,489
gss_adapted,23,baseline,-0.12497771703591765,-0.005566231340369043,-0.20272199458441578,0.045002241447786334,0.1342405893555354,17.61931610107422,887,519
gss_adapted,23,wind5,-0.12884103691613724,-0.039688609563491184,-0.32137293811381223,0.01822664856185294,0.13294481276014997,4.211341857910156,986,545
gss_adapted,23,speed15,-0.117707374758103,0.07887983091968387,-0.2766510119125714,0.1732340767512634,0.24310273118847794,43.4849910736084,702,478
gss_adapted,23,alt180,0.1767186770163356,-0.013799052109959575,0.4179813378859785,0.038451655324260495,0.14175902243861535,7.020050048828125,802,524
gss_adapted,23,speed10,-0.022216352661723743,0.005943679396366974,-0.0411429057444946,0.028758605527594818,0.09334298101660052,8.715866088867188,674,458
gss_adapted,47,baseline,-0.04933144487487917,-0.05640759594671785,-0.19616500379805366,0.027662878509573094,0.11647318436301145,9.910396575927734,887,521
gss_adapted,47,wind5,-0.17979911406432392,0.009637069959451239,-0.47391161778998425,0.02522546491202186,0.13996825302227517,4.6122894287109375,986,553
gss_adapted,47,speed15,-0.10054042510676864,0.1323347605131584,-0.15524848242770573,0.15317991125447797,0.2439355837059157,42.28118896484375,702,468
gss_adapted,47,alt180,0.2836055998314291,-0.007701366402962151,0.16281609824322107,0.020493044780376845,0.15732759568013455,7.513633728027344,802,511
gss_adapted,47,speed10,-0.2234774973996394,-0.00194349834260521,-0.41111065633042276,0.019814231408102224,0.0947225822981458,7.256198883056641,674,491
gss_adapted,59,baseline,0.01739285562577228,-0.0006660387540957657,-0.2847879303549968,0.0362487662806183,0.13646554668027627,18.12615966796875,887,549
gss_adapted,59,wind5,-0.12084999257950119,0.0016177141689759367,-0.22860450982201172,0.0195580715460903,0.1350875456362177,3.6420822143554688,986,547
gss_adapted,59,speed15,-0.17274755972857414,0.03863937993947708,-0.4424845332603509,0.19213734758205903,0.25254794208072867,43.72589111328125,702,473
gss_adapted,59,alt180,0.36066394031613513,-0.047141470775194705,0.44101835190878247,0.020224179022775922,0.13073049312889426,8.876884460449219,802,539
gss_adapted,59,speed10,0.05019342344608519,0.01130625485582648,0.0939079076936054,0.03656592726353722,0.09564947993536024,7.3203582763671875,674,486
gss_adapted,71,baseline,-0.20500035886764015,-0.028794990135265763,-0.4641994973718112,0.03509082714895788,0.1309655547948405,17.878997802734375,887,534
gss_adapted,71,wind5,0.03362264924607522,-0.04175791307408794,-0.013961471602109093,0.0022055281828673324,0.14222316326040768,3.2967071533203125,986,542
gss_adapted,71,speed15,0.040805237795905835,0.11510453218811278,-0.18063047893366582,0.1708264630234819,0.2397279446451073,44.92856788635254,702,479
gss_adapted,71,alt180,0.5093203728065019,0.028403997234876854,1.1353209953281351,0.016442656554188813,0.1547621077953134,13.409683227539062,802,500
gss_adapted,71,speed10,0.052168349870414965,0.02203760076196204,0.06509342223671141,0.023942106688057987,0.09618693267379387,7.868968963623047,674,479
gss_adapted,89,baseline,-0.14978034086224806,-0.03029052658049558,-0.2858391684031675,0.0392873246882115,0.14339230952967114,17.762954711914062,887,536
gss_adapted,89,wind5,-0.127498089435441,0.017558285723930922,-0.2707397092065753,0.0040226520075033936,0.15822967221964204,3.7666969299316406,986,553
gss_adapted,89,speed15,-0.029173523263573475,0.0959819531908721,-0.19980310848210953,0.17122563917157996,0.24612803665915786,43.393192291259766,702,465
gss_adapted,89,alt180,0.35705221193884873,-0.03756346015694767,0.6587241010698595,0.017191109328793173,0.14175446896333052,10.751876831054688,802,514
gss_adapted,89,speed10,0.009058881720789308,0.02810950189385686,-0.04843771674335887,0.02857041327995787,0.09116718566559188,7.117485046386719,674,489
gss_adapted,107,baseline,0.10428216692787332,-0.02038067348386363,0.4409371529282685,0.0271618785053122,0.1530011614622903,14.989051818847656,887,530
gss_adapted,107,wind5,-0.029184926170623626,-0.005867008886729863,0.004420151575100108,0.00539961572109323,0.14245092892985314,3.6778945922851562,986,545
gss_adapted,107,speed15,-0.047566117561721216,0.07419839562921737,-0.23685928194271533,0.17825172302390097,0.24908718364870447,42.84029197692871,702,477
gss_adapted,107,alt180,0.5135380749248621,-0.020165164578534345,0.8973625802859998,0.028963999557970764,0.14350975302983995,15.911773681640625,802,518
gss_adapted,107,speed10,-0.036331883732429154,0.007217655880172202,-0.03129949809800977,0.027628326539823493,0.08859363375148717,6.832561492919922,674,476
cgsm_dual,7,baseline,-0.18818048081961536,-0.019275769056282144,-0.39367318680885816,0.045547595522718205,0.15193338132764736,14.582221984863281,887,543
cgsm_dual,7,wind5,-0.019857937436794426,-0.013856484896869858,-0.09515596412379167,0.007568531297525092,0.14012398644828408,2.986846923828125,986,544
cgsm_dual,7,speed15,-0.020006477140777634,0.08674777078849871,-0.02465280550837177,0.15722887413284378,0.2331810712899238,41.9052791595459,702,493
cgsm_dual,7,alt180,0.14462252313049478,0.017139250599562672,-0.10726776358641293,0.008832758613060834,0.14369577574462367,11.787742614746094,802,511
cgsm_dual,7,speed10,-0.004499856623609161,0.009926863130507613,0.05246799381709594,0.028035901000485575,0.0874526519051999,8.103889465332031,674,478
cgsm_dual,11,baseline,-0.1016722543914099,-0.018886251948826427,-0.3830308919896402,0.03708979463899821,0.13294441744332383,16.46881103515625,887,524
cgsm_dual,11,wind5,-0.4038864276015517,-0.009793243789641082,-0.9550968427022137,7.54739431773915e-05,0.1574608775924959,4.220054626464844,986,554
cgsm_dual,11,speed15,0.0003852181017671291,0.09708367960292286,-0.03378096492456914,0.1557348443571998,0.21688524236706247,44.438907623291016,702,491
cgsm_dual,11,alt180,0.2532436748407627,0.008805192622716618,0.45478920233517217,0.01552296680702533,0.14607490818399443,6.287578582763672,802,514
cgsm_dual,11,speed10,-0.05118435298542601,0.020226742815479426,-0.11239966845211714,0.01910961372915998,0.0861788822741466,6.224842071533203,674,482
cgsm_dual,23,baseline,0.06991680874829642,-0.005566231340369043,0.09802419911511452,0.045002241447786334,0.1342405893555354,17.61931610107422,887,519
cgsm_dual,23,wind5,-0.042617366993115226,-0.014510417277024956,-0.09744852802453612,0.02245825453534813,0.13566859380831342,3.841796875,986,565
cgsm_dual,23,speed15,-0.15573000168125514,0.08597416422907322,-0.28583542229952635,0.16166511411510642,0.23300429894204153,43.735416412353516,702,473
cgsm_dual,23,alt180,0.0753959524497031,0.03665717216847497,0.28398511159301104,0.025694018067267173,0.14984797599012417,10.629566192626953,802,500
cgsm_dual,23,speed10,-0.06335951560241176,0.012235950381874972,-0.1503298236858597,0.013642701533144942,0.09176988214342814,9.743659973144531,674,473
cgsm_dual,47,baseline,0.11607009982355726,-0.05640759594671785,0.093672352081759,0.027662878509573094,0.11647318436301145,9.910396575927734,887,521
cgsm_dual,47,wind5,-0.01196990957652,0.015632989304064537,-0.0744516581115568,0.004470367823362834,0.1607217751216695,4.4592742919921875,986,555
cgsm_dual,47,speed15,0.011791091004828558,0.08945672982867947,0.00179988876027599,0.16244942272490587,0.22614350430985802,41.947349548339844,702,488
cgsm_dual,47,alt180,0.419862271348149,-0.04669741850401721,0.7561869863931675,0.01600789548155673,0.15335016803551196,14.222602844238281,802,515
cgsm_dual,47,speed10,-0.00151442209164189,0.02403240898205361,-0.022346383143072666,0.020764584733222995,0.0897829339615669,8.712852478027344,674,506
cgsm_dual,59,baseline,-0.16847777450175716,-0.0006660387540957657,-0.5054611491108694,0.0362487662806183,0.13646554668027627,18.12615966796875,887,549
cgsm_dual,59,wind5,-0.030747940613963298,-0.016743645644712757,-0.05374374187742237,0.009951976745655764,0.1437937481287285,3.206451416015625,986,532
cgsm_dual,59,speed15,-0.14443157644650034,0.06050414425545192,-0.30081777520838626,0.1774127357705706,0.2440506063635193,43.00457000732422,702,484
cgsm_dual,59,alt180,0.3351306362323191,-0.05115296172596118,0.7091901313857247,0.01843114208402182,0.15994579774185905,7.4945831298828125,802,501
cgsm_dual,59,speed10,-0.024804655142982274,0.03133121532927419,-0.0832003881209682,0.07436593562276143,0.1247976763665853,25.035072326660156,674,478
cgsm_dual,71,baseline,-0.19754855703434565,-0.028794990135265763,-0.5250084888370625,0.03509082714895788,0.1309655547948405,17.878997802734375,887,534
cgsm_dual,71,wind5,-0.04889801487851014,-0.0030959782685826553,-0.18684711674526788,0.02096976445606224,0.15279313432275646,3.9120216369628906,986,549
cgsm_dual,71,speed15,0.05664619118243425,0.12510049077067187,0.039100550603323174,0.17677555668387998,0.23006746521023264,45.96272659301758,702,483
cgsm_dual,71,alt180,0.4452207534147185,-0.07294209270018648,0.5879454101038692,0.03288978115281559,0.16648943079380027,22.09832763671875,802,512
cgsm_dual,71,speed10,-0.06280176120281494,0.01250220361699661,-0.09734228056598487,0.03576261753586704,0.09164637793684571,6.356880187988281,674,478
cgsm_dual,89,baseline,-0.1302855043434849,-0.03029052658049558,-0.22254384975153807,0.0392873246882115,0.14339230952967114,17.762954711914062,887,536
cgsm_dual,89,wind5,-0.09881222880491568,-0.0016724242992491867,-0.2496929117922367,0.009427175923244949,0.1783378090384524,3.877513885498047,986,527
cgsm_dual,89,speed15,0.07223932393245973,0.07343475394126386,-0.043947886940930304,0.14839141966610553,0.22965301152987358,41.235565185546875,702,485
cgsm_dual,89,alt180,0.5984978880527544,-0.0066985402104311476,1.1606546589858515,0.0032287557746406804,0.15396020496426674,7.428565979003906,802,498
cgsm_dual,89,speed10,-0.18296694233371355,0.025990905100638173,-0.24850545275282082,0.026053761936259908,0.09899784595835456,6.859874725341797,674,473
cgsm_dual,107,baseline,-0.09550588703412077,-0.02038067348386363,0.041926776526208125,0.0271618785053122,0.1530011614622903,14.989051818847656,887,530
cgsm_dual,107,wind5,-0.04168460913901606,0.009897763167765916,-0.11240409556436248,0.024688846169088723,0.14617310313254775,3.5084228515625,986,557
cgsm_dual,107,speed15,-0.08621900990249548,0.0403165096234428,-0.2640170413374561,0.19084854564096174,0.26843092125705165,42.1556510925293,702,479
cgsm_dual,107,alt180,0.3602651918553721,-0.06064959311155427,0.4916052308463099,0.01832966138597141,0.15335912329894943,19.982742309570312,802,501
cgsm_dual,107,speed10,-0.03860944973996283,0.01569935058571481,0.0015156361929386942,0.04307034912378215,0.10563415598444839,10.017169952392578,674,495
dualls_adapted,7,baseline,-0.07785995387468747,-0.030327218904584896,-0.1691273031199798,0.04104604866889042,0.14679048224662042,15.17791748046875,887,531
dualls_adapted,7,wind5,-0.04288947323924966,0.01589886425043119,-0.06812655835074295,0.006496847884891966,0.15988697217395775,3.8485336303710938,986,563
dualls_adapted,7,speed15,0.013797624923390936,0.13224946421667383,-0.1486909402444152,0.178526692686767,0.24792218010904443,43.54873275756836,702,482
dualls_adapted,7,alt180,0.2902438363931626,0.004841836858517468,0.6134752976775467,0.02377112555384933,0.14498561643008281,9.461349487304688,802,533
dualls_adapted,7,speed10,0.09378387899366179,0.0161782174682763,0.21554039016321788,0.01527036023422943,0.08907770977883381,6.995662689208984,674,486
dualls_adapted,11,baseline,-0.004864094602200608,-0.012948874892016349,-0.2758039875121907,0.03982115833439445,0.12524045635909345,15.431640625,887,538
dualls_adapted,11,wind5,-0.20522124656095297,0.0016093877755594121,-0.574335255136838,-0.007847354450767471,0.1507198650986863,4.047615051269531,986,541
dualls_adapted,11,speed15,-0.04876376325225404,0.11010979640111174,-0.03606000979911228,0.1503011490035261,0.23162932214234289,43.35200881958008,702,486
dualls_adapted,11,alt180,0.34283862645579555,0.006195732762677153,0.5024309914345456,0.009723760689285925,0.11484549274468363,5.347866058349609,802,507
dualls_adapted,11,speed10,0.08315410929141193,0.037878969760393844,0.2104292773263037,0.015064831170908422,0.0938972810874707,6.6980133056640625,674,488
dualls_adapted,23,baseline,-0.17744820620343632,-0.025122953825391647,-0.2442431717338261,0.037591707377181115,0.12129792833140092,17.666717529296875,887,534
dualls_adapted,23,wind5,0.016688014613232084,0.00079556202033082,-0.08489684825555306,0.022937814646511966,0.14725091554692987,5.616737365722656,986,548
dualls_adapted,23,speed15,-0.03191341001076978,0.0751617514421703,-0.11840068168959386,0.15541883840350343,0.23615797585741408,43.14301300048828,702,487
dualls_adapted,23,alt180,0.40220090851178275,-0.004318253402049166,0.5302029142058698,0.02611236359710408,0.12629070432108833,3.1774826049804688,802,519
dualls_adapted,23,speed10,0.05652677686593288,0.02958953808420084,0.12626452430065732,0.049195478772551086,0.1074810571946447,12.217353820800781,674,477
dualls_adapted,47,baseline,0.10980089682761629,-0.041967287454710345,0.24044754412424202,0.036078995553589725,0.123936506981511,11.673843383789062,887,536
dualls_adapted,47,wind5,0.07946549063348324,0.00618751130646622,0.2924760510393137,0.019005411053284186,0.1479036372767017,5.0413360595703125,986,573
dualls_adapted,47,speed15,-0.05872769754809412,0.1105185469708232,-0.22158490367594608,0.15540227022266115,0.24000815474070036,43.30767250061035,702,484
dualls_adapted,47,alt180,0.34579889957462384,-0.0341801302596636,0.7015429427127291,0.018949033910794152,0.14029268552537572,7.590538024902344,802,511
dualls_adapted,47,speed10,0.05549178700917806,0.028897222148071222,0.1181457228848064,0.02598304732617002,0.0927091583123193,9.27102279663086,674,474
dualls_adapted,59,baseline,-0.2097787324247354,-0.030038717365052037,-0.5274938160832866,0.025955233424733968,0.12197988449250428,16.21526336669922,887,534
dualls_adapted,59,wind5,0.07753518712959492,-0.02059480446757256,0.24382285489634617,0.004354997774166703,0.14420684126279418,3.418670654296875,986,560
dualls_adapted,59,speed15,-0.032186704372026684,0.04649767641902791,0.059905726133588376,0.15585516983287626,0.23878186703407528,39.77602195739746,702,468
dualls_adapted,59,alt180,0.31320730222909854,0.00844533568400152,0.7524493288369547,0.013405699905314648,0.1171143376767784,3.80401611328125,802,522
dualls_adapted,59,speed10,-0.05071307032173744,0.054033272278458,-0.06680773596558444,0.030076266042556535,0.1000010993784896,8.278648376464844,674,464
dualls_adapted,71,baseline,-0.2181346178982383,-0.019923583850905757,-0.4164496037978868,0.04715633274737447,0.13084446775738523,16.688568115234375,887,532
dualls_adapted,71,wind5,-0.16320099347000588,0.015903481545118225,-0.4124976036877468,0.009770369916610254,0.16742685721321957,6.134391784667969,986,543
dualls_adapted,71,speed15,-0.11155760359129052,0.049770038817859685,-0.4321929271149839,0.17014838428239198,0.23269333416580135,45.40253448486328,702,487
dualls_adapted,71,alt180,0.25714320861562845,0.0013876940313473085,0.34569065168760066,0.03574463803126033,0.15162289584812677,8.554267883300781,802,520
dualls_adapted,71,speed10,0.12031593460539294,0.04329375176955352,0.19510599789527475,0.018952498096386827,0.09294229869672736,8.37588119506836,674,477
dualls_adapted,89,baseline,-0.27087133692127874,-0.04148614700962838,-0.7259644081956773,0.029105431987172185,0.13475923824807567,14.924674987792969,887,555
dualls_adapted,89,wind5,-0.07820335140680826,0.01565393259783754,-0.3392658450661518,0.007986850840083,0.15057519652538803,3.6879730224609375,986,545
dualls_adapted,89,speed15,0.12854480301487997,0.11027599734599747,0.21806544653455756,0.16885300001867137,0.23581179900047106,41.22224807739258,702,475
dualls_adapted,89,alt180,0.4179593990313403,-0.040581416483041366,0.6665006162519764,0.011913274366064857,0.12289752590091449,5.405426025390625,802,529
dualls_adapted,89,speed10,0.05900989515635574,0.027953751012963934,0.118853360414505,0.05222232964785233,0.1261186833860966,21.160327911376953,674,492
dualls_adapted,107,baseline,-0.1751799401191093,-0.03388757403222442,-0.33151039739875404,0.04044775199460069,0.13395612430680026,14.789024353027344,887,532
dualls_adapted,107,wind5,-0.05388878412520019,0.006291594009541157,-0.06134441658159299,0.007236807752574433,0.16579878293960137,3.791412353515625,986,540
dualls_adapted,107,speed15,-0.1725413889569174,0.07591373568515536,-0.5490134180313841,0.16868605776729748,0.2463383803680072,42.149234771728516,702,473
dualls_adapted,107,alt180,0.3507612598833958,-0.030942713369706,0.5683742717391534,0.002085431481240099,0.1518462085515781,10.861190795898438,802,500
dualls_adapted,107,speed10,-0.018599764552700127,0.054479837916469265,-0.0403645610552867,0.05317604066444787,0.1303513566313936,20.953739166259766,674,488
