method,seed,task,n,cpa_n,overall,cpa,initial_overall_fde,initial_cpa_fde,random,cpa_minus_random,permutation_p_random,matched,cpa_minus_matched,permutation_p_matched,cpa_minus_overall
finetune,7,baseline,2000,887,7.850540060922503,11.010430844217169,12.746900472715497,12.066066813778043,7.9104844132469365,3.099946430970232,0.000999000999000999,7.971233587560684,3.039197256656484,0.000999000999000999,3.1598907832946654
finetune,7,wind5,2000,986,10.901019306123256,13.50071919185032,11.664018980801105,11.156233129316362,10.935733172295581,2.5649860195547394,0.000999000999000999,11.015862833017561,2.4848563588327597,0.000999000999000999,2.5996998857270643
finetune,7,speed15,2000,702,22.428004644244908,30.466024865367135,9.103629196971655,9.561139192081924,23.427540162980286,7.0384847023868495,0.000999000999000999,23.586678927702067,6.879345937665068,0.000999000999000999,8.038020221122228
finetune,7,alt180,2000,802,-0.07587662908434868,0.3698904320337529,12.082228912711143,11.771962465565103,-0.07685022389199746,0.44674065592575035,0.000999000999000999,-0.055935245774731406,0.4258256778084843,0.000999000999000999,0.44576706111810155
finetune,7,speed10,2000,674,36.80446161842346,45.188538678675805,8.938195125102997,8.776508836434928,36.96463048523368,8.223908193442128,0.000999000999000999,37.286556572332884,7.9019821063429205,0.000999000999000999,8.384077060252345
finetune,11,baseline,2000,887,18.627272356867792,20.561974437892637,12.441253020644188,11.81734153672028,18.850814606915307,1.71115983097733,0.000999000999000999,18.687612701526888,1.8743617363657492,0.000999000999000999,1.9347020810248452
finetune,11,wind5,2000,986,23.157292249292134,25.448023521029683,11.647599465280772,11.205383950145443,23.19694729424639,2.2510762267832938,0.000999000999000999,23.166804168370373,2.28121935265931,0.000999000999000999,2.290731271737549
finetune,11,speed15,2000,702,37.21937826481089,43.475294839919805,9.3961713100411,9.748131792811927,38.36958440356786,5.105710436351941,0.000999000999000999,38.50054506893297,4.974749770986833,0.000999000999000999,6.2559165751089125
finetune,11,alt180,2000,802,0.8819394177645445,1.392449714373472,11.8832954839319,11.568617545681404,0.9341658198167113,0.45828389455676066,0.000999000999000999,0.9452857176479287,0.4471639967255433,0.000999000999000999,0.5105102966089274
finetune,11,speed10,2000,674,56.52694030407071,62.796663152181075,8.314704265326261,8.239403955837385,56.725385645766046,6.071277506415029,0.000999000999000999,56.847607306756174,5.949055845424901,0.000999000999000999,6.269722848110362
finetune,23,baseline,2000,887,11.736808467164636,12.76921868418357,12.94613571678102,12.342026013397982,11.786265349303262,0.9829533348803086,0.000999000999000999,11.732484365355631,1.0367343188279392,0.000999000999000999,1.0324102170189349
finetune,23,wind5,2000,986,14.893630449995399,17.1468645378373,11.759937245383858,11.36859885281288,14.920683546998541,2.226180990838758,0.000999000999000999,14.977292766505725,2.169571771331574,0.000999000999000999,2.2532340878419
finetune,23,speed15,2000,702,35.14492683908343,39.022388913607664,9.234170097142458,9.804328073208827,35.986420105554664,3.035968808052999,0.000999000999000999,35.94262109840162,3.079767815206047,0.000999000999000999,3.8774620745242316
finetune,23,alt180,2000,802,0.8881157340556383,1.5862551095554063,12.047471343919636,11.710145735049485,0.9627358463989432,0.6235192631564631,0.000999000999000999,0.9660918799517788,0.6201632296036275,0.000999000999000999,0.698139375499768
finetune,23,speed10,2000,674,59.95617464125901,65.146624710444,8.425897895209491,8.335060814787974,60.095651518129955,5.050973192314046,0.000999000999000999,60.272451304156526,4.8741734062874755,0.000999000999000999,5.19045006918499
finetune,47,baseline,2000,887,6.922497689247131,8.747581442219563,12.640376070201397,12.007850820141957,7.070243574260789,1.6773378679587738,0.000999000999000999,6.8517026949680355,1.895878747251527,0.000999000999000999,1.8250837529724313
finetune,47,wind5,2000,986,10.468277089893817,12.156820281191482,11.769099604904651,11.368943797254417,10.495926422412664,1.6608938587788185,0.000999000999000999,10.522702862536303,1.6341174186551797,0.000999000999000999,1.688543191297665
finetune,47,speed15,2000,702,24.672338658005,30.16908543801036,9.154329771131277,9.657805686747587,25.609465106361327,4.5596203316490325,0.000999000999000999,25.65070600242066,4.518379435589701,0.000999000999000999,5.49674678000536
finetune,47,alt180,2000,802,0.41771840342879296,0.8128701746463776,11.921193482667208,11.460187443919907,0.46294238740017696,0.3499277872462006,0.000999000999000999,0.4804752451224816,0.332394929523896,0.000999000999000999,0.3951517712175846
finetune,47,speed10,2000,674,44.15324833258987,50.69297714451831,8.355415721803904,8.340245963778976,44.32340053451113,6.369576610007179,0.000999000999000999,44.386913360441355,6.3060637840769544,0.000999000999000999,6.539728811928441
finetune,59,baseline,2000,887,10.309609429761768,13.65371206147426,12.427564240589739,11.804718591886013,10.590848445151252,3.0628636163230087,0.000999000999000999,10.564966266476633,3.088745794997628,0.000999000999000999,3.3441026317124933
finetune,59,wind5,2000,986,15.298167879730464,17.717797045261573,11.614742497116326,11.119105708073167,15.343702737029822,2.3740943082317507,0.000999000999000999,15.376853388448387,2.3409436568131863,0.000999000999000999,2.4196291655311093
finetune,59,speed15,2000,702,23.501644673034548,31.124737193123398,9.414295786693692,9.820687771841161,24.61532900035931,6.509408192764088,0.000999000999000999,24.794178744610907,6.330558448512491,0.000999000999000999,7.62309252008885
finetune,59,alt180,2000,802,0.18931706403940915,0.7760649763437876,11.98628816384077,11.684601534483141,0.24636485788334772,0.5297001184604399,0.000999000999000999,0.2448418464319094,0.5312231299118781,0.000999000999000999,0.5867479123043784
finetune,59,speed10,2000,674,37.46532494353503,44.96123440077291,8.410121547229588,8.35425566959275,37.619710161675535,7.3415242390973745,0.000999000999000999,37.72863090814657,7.232603492626339,0.000999000999000999,7.495909457237879
finetune,71,baseline,2000,887,9.335515867814422,12.201900231193125,12.592665923967958,11.92333992727714,9.478718987779668,2.723181243413457,0.000999000999000999,9.442052623987276,2.759847607205849,0.000999000999000999,2.866384363378703
finetune,71,wind5,2000,986,13.055427513480186,15.959658349866073,11.629271073877812,11.105545029799789,13.095154844949514,2.8645035049165593,0.000999000999000999,13.158876398634789,2.8007819512312846,0.000999000999000999,2.904230836385887
finetune,71,speed15,2000,702,22.579532338380815,29.65003224052595,9.260584208011627,9.771064350662748,23.517182579677332,6.132849660848617,0.000999000999000999,23.621871366264752,6.0281608742611965,0.000999000999000999,7.070499902145134
finetune,71,alt180,2000,802,0.3754388282895088,1.072925229359446,12.04303355680406,11.648783848581468,0.4286421285076134,0.6442831008518326,0.000999000999000999,0.4671698651898389,0.6057553641696072,0.000999000999000999,0.6974864010699372
finetune,71,speed10,2000,674,37.83010888519883,46.211902358853855,8.276706776231528,8.17958400290161,37.983287274919824,8.22861508393403,0.000999000999000999,38.259197216668596,7.952705142185259,0.000999000999000999,8.381793473655023
finetune,89,baseline,2000,887,12.7368464724198,15.379392503818503,12.658665160261094,12.014187332944106,12.945599511467556,2.4337929923509467,0.000999000999000999,12.816967178115933,2.56242532570257,0.000999000999000999,2.6425460313987035
finetune,89,wind5,2000,986,17.47585402301699,18.67089573617337,11.758174877129495,11.338999518894157,17.499296756543526,1.1715989796298452,0.000999000999000999,17.4363126673469,1.2345830688264705,0.000999000999000999,1.1950417131563817
finetune,89,speed15,2000,702,32.44348193377257,39.80095575686194,9.284742590129376,9.942283122542916,33.68185553014162,6.11910022672032,0.000999000999000999,33.89156196534801,5.909393791513928,0.000999000999000999,7.3574738230893715
finetune,89,alt180,2000,802,0.24970713942497968,0.8529146760330533,12.02643876374513,11.622932424494751,0.2744600057488207,0.5784546702842326,0.000999000999000999,0.29555357203913835,0.5573611039939149,0.000999000999000999,0.6032075366080736
finetune,89,speed10,2000,674,56.037688390046355,62.61451385035359,8.273182649344205,8.240322981460865,56.23354804152039,6.380965808833196,0.000999000999000999,56.43502137389416,6.17949247645943,0.000999000999000999,6.576825460307234
finetune,107,baseline,2000,887,3.5430087298825383,6.48384876851635,13.198364763490856,12.581291804201438,3.525231809601939,2.958616958914411,0.000999000999000999,3.6118914377228686,2.8719573307934816,0.000999000999000999,2.940840038633812
finetune,107,wind5,2000,986,5.40918147110194,7.425076992226421,11.756010153777897,11.272773540769581,5.429667121553127,1.995409870673294,0.000999000999000999,5.493746394654412,1.9313305975720088,0.000999000999000999,2.015895521124481
finetune,107,speed15,2000,702,19.5765567458719,26.721222756595015,9.201953783765434,9.684684138692003,20.458040147464054,6.263182609130961,0.000999000999000999,20.544580794305823,6.176641962289192,0.000999000999000999,7.144666010723114
finetune,107,alt180,2000,802,-0.25787741562724115,-0.006937445770772615,12.12542644289136,11.812979996130057,-0.24316345019726546,0.23622600442649283,0.011988011988011988,-0.23854291526079663,0.231605469490024,0.006993006993006993,0.25093996985646855
finetune,107,speed10,2000,674,38.00790807839856,44.5978728206469,8.332572065148502,8.284795716979737,38.17500070150058,6.422872119146319,0.000999000999000999,38.443231525260266,6.154641295386632,0.000999000999000999,6.589964742248341
reservoir,7,baseline,2000,887,0.3094001135379076,0.44730660917390697,12.746900472715497,12.066066813778043,0.23777357729890086,0.2095330318750061,0.09490509490509491,0.2444918330657178,0.20281477610818915,0.0979020979020979,0.13790649563599938
reservoir,7,wind5,2000,986,0.25508968684077266,0.3176585108223116,12.125932710781694,11.97191735334377,0.24630424659627853,0.07135426422603308,0.5204795204795205,0.2226782128279462,0.09498029799436541,0.3756243756243756,0.06256882398153896
reservoir,7,speed15,2000,702,0.37287837186455725,0.607325003230334,9.291927780270576,9.957394850007828,0.32187686577176844,0.28544813745856557,0.01998001998001998,0.2595022569854398,0.3478227462448942,0.003996003996003996,0.23444663136577676
reservoir,7,alt180,2000,802,-0.1121730255484581,-0.02268470474460773,11.711314649119974,11.68660058671994,-0.10230918128665473,0.07962447654204699,0.5104895104895105,-0.14452004366935203,0.1218353389247443,0.3116883116883117,0.08948832080385036
reservoir,7,speed10,2000,674,0.2245069096237421,0.4082676070114979,8.363755682423712,8.189547636167585,0.22104006598664058,0.1872275410248573,0.005994005994005994,0.25924953638765036,0.14901807062384753,0.027972027972027972,0.1837606973877558
reservoir,11,baseline,2000,887,0.9578209414035082,1.722780891510384,12.441253020644188,11.81734153672028,0.9374845809762873,0.7852963105340967,0.000999000999000999,0.9634112688413403,0.7593696226690436,0.000999000999000999,0.7649599501068758
reservoir,11,wind5,2000,986,0.47336291697621347,0.7272283434263349,11.798132811442018,11.386271505218007,0.4698519977385718,0.25737634568776313,0.025974025974025976,0.4993801128472603,0.2278482305790746,0.028971028971028972,0.25386542645012145
reservoir,11,speed15,2000,702,0.7676972570642829,1.727698722031721,9.298684009596705,9.962797827190823,0.7500846944090931,0.977614027622628,0.000999000999000999,0.7771642074070471,0.950534514624674,0.000999000999000999,0.9600014649674381
reservoir,11,alt180,2000,802,-0.4081854830831289,0.11143731197662782,11.969417884618045,11.676094866452967,-0.3728960432055845,0.4843333551822123,0.000999000999000999,-0.3807164237315524,0.4921537357081802,0.000999000999000999,0.5196227950597567
reservoir,11,speed10,2000,674,0.4596084547117352,0.8923993654084842,8.299247169189155,8.259838678318598,0.4544080648244119,0.4379913005840723,0.000999000999000999,0.46996125681074175,0.42243810859774245,0.000999000999000999,0.43279091069674896
reservoir,23,baseline,2000,887,-0.5112621717453003,-0.5718740014844441,12.94613571678102,12.342026013397982,-0.5381005162228045,-0.03377348526163959,0.8031968031968032,-0.5245592712272023,-0.047314730257241866,0.6953046953046953,-0.06061182973914381
reservoir,23,wind5,2000,986,0.09482652500271797,-0.03230288425275327,11.960289284080266,11.55792628237732,0.09581892315175697,-0.12812180740451024,0.15384615384615385,0.07653645189044478,-0.10883933614319805,0.2097902097902098,-0.12712940925547123
reservoir,23,speed15,2000,702,-0.08458380506932736,-0.02206846893343151,9.379453538626432,9.916984017588135,-0.09983259906448014,0.07776413013104863,0.3966033966033966,-0.15622413765950596,0.13415566872607446,0.13486513486513488,0.06251533613589585
reservoir,23,alt180,2000,802,-0.4905531207770109,-0.4285769586328259,11.77997820354998,11.771105455601601,-0.47291980172717435,0.04434284309434844,0.6343656343656343,-0.49445144099743854,0.06587448236461263,0.44555444555444557,0.061976162144185
reservoir,23,speed10,2000,674,0.09397550882399082,0.22451076375801415,8.477493574082851,8.528214000939261,0.08455402902378985,0.13995673473422432,0.04695304695304695,0.093285301577528,0.13122546218048614,0.07292707292707293,0.13053525493402335
reservoir,47,baseline,2000,887,-0.20856627881526946,-0.21883135469548462,12.640376070201397,12.007850820141957,-0.24621867768964992,0.027387322994165297,0.8181818181818182,-0.2659768016991874,0.047145447003702795,0.6453546453546454,-0.010265075880215163
reservoir,47,wind5,2000,986,0.45741064283251764,0.32127329930814236,11.903075527012348,11.445862908573712,0.4440038748461338,-0.12273057553799144,0.2837162837162837,0.43016129726117536,-0.108887997953033,0.33266733266733267,-0.1361373435243753
reservoir,47,speed15,2000,702,-0.24557410391420126,-0.3102142082108052,9.834944151066244,10.564469555567982,-0.2612535123498654,-0.04896069586093982,0.7172827172827173,-0.4383380749333906,0.1281238667225854,0.2757242757242757,-0.06464010429660394
reservoir,47,alt180,2000,802,-0.08971360263973474,0.19555469204734388,11.787128516972064,11.612833488983407,-0.07471954123830835,0.27027423328565225,0.001998001998001998,-0.07581685294595439,0.2713715449932983,0.001998001998001998,0.2852682946870786
reservoir,47,speed10,2000,674,0.3288700862005353,1.0114725165798686,8.482341730438172,8.47548338563046,0.32123995435168495,0.6902325622281836,0.000999000999000999,0.363333095870358,0.6481394207095106,0.000999000999000999,0.6826024303793332
reservoir,59,baseline,2000,887,0.09278190842270852,-0.25420233708089207,12.427564240589739,11.804718591886013,0.05398246026762792,-0.30818479734852,0.023976023976023976,0.11884651234944382,-0.3730488494303359,0.003996003996003996,-0.3469842455036006
reservoir,59,wind5,2000,986,0.04909719723463059,-0.08414004141612179,11.72210585950315,11.21014007626755,0.050661866185783035,-0.13480190760190483,0.11288711288711288,0.012317401274355506,-0.09645744269047729,0.24875124875124874,-0.13323723865075238
reservoir,59,speed15,2000,702,-0.3616160516887903,-0.6415524209114561,9.704166574135423,10.44483273056073,-0.3685365725987104,-0.2730158483127457,0.03496503496503497,-0.5638829158376708,-0.07766950507378534,0.5004995004995005,-0.27993636922266585
reservoir,59,alt180,2000,802,-0.554489860728383,-0.44650789968985277,11.980522072464227,11.749698979153003,-0.5608317523025049,0.11432385261265215,0.2977022977022977,-0.5644878935393871,0.11797999384953434,0.1968031968031968,0.10798196103853025
reservoir,59,speed10,2000,674,0.7186870691031217,1.031934411770689,8.365734635196626,8.380614861713319,0.696310714608355,0.335623697162334,0.000999000999000999,0.7048710945144927,0.3270633172561963,0.000999000999000999,0.31324734266756726
reservoir,71,baseline,2000,887,1.012819450467825,1.499738462109711,12.592665923967958,11.92333992727714,0.9938313959526166,0.5059070661570944,0.001998001998001998,0.9852855145870868,0.5144529475226242,0.000999000999000999,0.486919011641886
reservoir,71,wind5,2000,986,1.2667604790776967,1.0582769443611586,12.04296884970367,11.8036704613217,1.2694606929641294,-0.21118374860297084,0.08091908091908091,1.2319245331658215,-0.1736475888046629,0.10589410589410589,-0.20848353471653813
reservoir,71,speed15,2000,702,0.5956544291079044,0.36497315463007685,9.712263623163103,10.70814479424743,0.5647787018702859,-0.19980554724020905,0.18081918081918083,0.43738951080390936,-0.07241635617383252,0.6113886113886113,-0.2306812744778276
reservoir,71,alt180,2000,802,0.4816930934935808,0.9691442622805474,11.922265445202589,11.588495936179696,0.5343218233801871,0.4348224389003603,0.000999000999000999,0.5558928288109557,0.4132514334695917,0.001998001998001998,0.4874511687869666
reservoir,71,speed10,2000,674,0.689593016423285,0.7029777876258958,8.298191370852292,8.3103546758876,0.6914077909240168,0.01156999670187897,0.8851148851148851,0.6911389231991557,0.011838864426740092,0.8921078921078921,0.013384771202610835
reservoir,89,baseline,2000,887,-0.09902775820344686,0.07043211321685602,12.658665160261094,12.014187332944106,-0.1126078964177713,0.18304000963462733,0.08291708291708291,-0.09547883804013851,0.16591095125699454,0.08891108891108891,0.1694598714203029
reservoir,89,wind5,2000,986,0.22711637303233145,0.24027381773894504,12.032359912514687,11.732537549722025,0.23240461135385587,0.007869206385089172,0.922077922077922,0.19306152004654,0.047212297692405036,0.5234765234765235,0.013157444706613591
reservoir,89,speed15,2000,702,0.49423115810751916,0.8895639186231499,9.425773033797741,10.003619608716068,0.44836775421842606,0.4411961644047238,0.000999000999000999,0.36839162078987064,0.5211722978332792,0.000999000999000999,0.3953327605156307
reservoir,89,alt180,2000,802,-0.22068218871951104,0.5077537199356906,12.005528264433146,11.74366719801527,-0.20662818703505365,0.7143819069707442,0.000999000999000999,-0.22280898853336834,0.7305627084690589,0.000999000999000999,0.7284359086552017
reservoir,89,speed10,2000,674,0.28943682224303485,0.5045143743473981,8.443966767303646,8.602129836950882,0.292940814882807,0.2115735594645911,0.000999000999000999,0.2841514270276953,0.2203629473197028,0.002997002997002997,0.21507755210436325
reservoir,107,baseline,2000,887,-0.9116357543691993,-1.1592112366517475,13.198364763490856,12.581291804201438,-0.9658219745869578,-0.19338926206478968,0.08691308691308691,-0.9941117465679464,-0.1650994900838011,0.1028971028971029,-0.24757548228254822
reservoir,107,wind5,2000,986,0.17764396299421786,0.30266036168798716,11.977055337786675,11.565882518494588,0.17890327674000492,0.12375708494798224,0.13486513486513488,0.186063306802917,0.11659705488507016,0.13886113886113885,0.1250163986937693
reservoir,107,speed15,2000,702,-0.06604674559831619,-0.22428897180278756,9.486515728071332,10.206237562998407,-0.09706130291207705,-0.12722766889071052,0.25574425574425574,-0.21705745036633084,-0.007231521436456723,0.9470529470529471,-0.15824222620447137
reservoir,107,alt180,2000,802,-0.792463840290904,-0.37052318580132765,12.104273179411889,11.746054393989487,-0.7880811130270845,0.41755792722575685,0.000999000999000999,-0.7683524052586405,0.3978292194573128,0.000999000999000999,0.42194065448957635
reservoir,107,speed10,2000,674,0.2712359906435013,0.7938082229666611,8.408183174327016,8.465256486165417,0.27453236251628754,0.5192758604503735,0.000999000999000999,0.29414269234150736,0.49966553062515373,0.000999000999000999,0.5225722323231599
gss_adapted,7,baseline,2000,887,-0.43771967706829307,-0.5743874879270422,12.746900472715497,12.066066813778043,-0.4609618371852439,-0.11342565074179828,0.24775224775224775,-0.44753521110571637,-0.12685227682132583,0.16283716283716285,-0.13666781085874913
gss_adapted,7,wind5,2000,986,-0.09974863956868649,-0.2103197410491127,11.773846979737282,11.306804304069727,-0.10232421082028254,-0.10799553022883016,0.08091908091908091,-0.1515628867309084,-0.058756854318204293,0.31868131868131866,-0.1105711014804262
gss_adapted,7,speed15,2000,702,-0.027103331692516802,-0.1449654692428404,9.409356618665159,10.036781361257589,-0.0186905316430212,-0.1262749375998192,0.03596403596403597,-0.03255044728354593,-0.11241502195929447,0.07292707292707293,-0.1178621375503236
gss_adapted,7,alt180,2000,802,-0.8715386215746402,-0.5126762462970325,11.877269101321698,11.596230115602141,-0.8682253465469981,0.35554910024996567,0.002997002997002997,-0.8745544706124316,0.3618782243153992,0.001998001998001998,0.3588623752776078
gss_adapted,7,speed10,2000,674,0.16722028732299804,0.15790925835997133,8.4837240344584,8.458032694520865,0.16636919490277505,-0.00845993654280372,0.9000999000999002,0.1573327681019488,0.0005764902580225328,0.988011988011988,-0.009311028963026713
gss_adapted,11,baseline,2000,887,-0.297739235535264,-0.34227947821880544,12.441253020644188,11.81734153672028,-0.2721452168836734,-0.07013426133513206,0.4925074925074925,-0.2538394825365765,-0.08843999568222893,0.3176823176823177,-0.04454024268354145
gss_adapted,11,wind5,2000,986,-0.48963032257556915,-0.8572205458040412,12.297555524244904,12.094264114785629,-0.4949586113794569,-0.36226193442458426,0.000999000999000999,-0.562474393327541,-0.29474615247650016,0.000999000999000999,-0.367590223228472
gss_adapted,11,speed15,2000,702,-0.2149073474854231,-0.14072728539124513,9.61543288578093,10.239116559213722,-0.2223134936473428,0.08158620825609766,0.25774225774225773,-0.28754857332391376,0.14682128793266863,0.03796203796203796,0.07418006209417796
gss_adapted,11,alt180,2000,802,-0.703338936522603,-0.16135542254495502,11.897876868367195,11.543816850592668,-0.7100086212468713,0.5486531987019162,0.000999000999000999,-0.6803298225005919,0.5189743999556369,0.000999000999000999,0.541983513977648
gss_adapted,11,speed10,2000,674,0.2275677957162261,0.3655004318283998,8.683582302570343,8.60880133783782,0.22997940753652527,0.13552102429187454,0.002997002997002997,0.22253435039834896,0.14296608143005085,0.000999000999000999,0.1379326361121737
gss_adapted,23,baseline,2000,887,-0.8699116237610579,-1.0023949811867152,12.94613571678102,12.342026013397982,-0.8826959375389875,-0.11969904364772777,0.17182817182817184,-0.8855962277225213,-0.11679875346419388,0.14285714285714285,-0.1324833574256573
gss_adapted,23,wind5,2000,986,-0.18811456712335348,-0.3552362725712948,11.735033274501562,11.327777832141996,-0.19484559124848705,-0.16039068132280776,0.000999000999000999,-0.20675729725495798,-0.14847897531633683,0.000999000999000999,-0.16712170544794133
gss_adapted,23,speed15,2000,702,-0.031104460403323174,-0.26916890224160633,9.523365256235003,10.12066632797915,-0.050829339756469395,-0.21833956248513695,0.000999000999000999,-0.10512042618415021,-0.16404847605745612,0.004995004995004995,-0.23806444183828315
gss_adapted,23,alt180,2000,802,-0.7595686216540635,-0.4606164608735991,11.84452302312851,11.615575446526606,-0.7788147439320124,0.31819828305841336,0.01098901098901099,-0.7732524157512022,0.3126359548776031,0.013986013986013986,0.2989521607804644
gss_adapted,23,speed10,2000,674,0.044675609722733496,0.013335554200039419,8.447353043355047,8.500621177941472,0.04713135273368292,-0.033795798533643506,0.31368631368631367,0.03673354842728717,-0.02339799422724775,0.5434565434565435,-0.031340055522694074
gss_adapted,47,baseline,2000,887,-0.17196655586361886,-0.17244542834455023,12.640376070201397,12.007850820141957,-0.16207820466976885,-0.010367223674781378,0.8961038961038961,-0.13271949632374133,-0.0397259320208089,0.5664335664335665,-0.00047887248093136936
gss_adapted,47,wind5,2000,986,0.243486443862319,0.02177252492000317,11.835462914928794,11.40508587005535,0.23659139405899013,-0.21481886913898696,0.000999000999000999,0.22739795252808567,-0.2056254276080825,0.001998001998001998,-0.22171391894231582
gss_adapted,47,speed15,2000,702,-0.4662157116159797,-0.6826363531952231,9.747427749142052,10.454787170827558,-0.49584341433897955,-0.18679293885624354,0.004995004995004995,-0.556426238424678,-0.1262101147705451,0.03596403596403597,-0.2164206415792434
gss_adapted,47,alt180,2000,802,-0.6020531762689352,-0.20906441545397267,11.801255333855748,11.58621583336458,-0.6031524402480599,0.3940880247940872,0.000999000999000999,-0.6139988927978605,0.40493447734388777,0.000999000999000999,0.3929887608149625
gss_adapted,47,speed10,2000,674,0.13808560222387314,-0.12641634453828682,8.678002296745777,8.939871572997166,0.13175427504975604,-0.2581706195880429,0.000999000999000999,0.13081738074167537,-0.2572337252799622,0.000999000999000999,-0.26450194676216
gss_adapted,59,baseline,2000,887,0.28245933935046197,0.2663583322401918,12.427564240589739,11.804718591886013,0.25406923134813403,0.012289100892057758,0.9310689310689311,0.29348044708768706,-0.02712211484749527,0.8331668331668332,-0.016101007110270182
gss_adapted,59,wind5,2000,986,-0.254655789270997,-0.40517110442534904,12.08039371150732,11.710860781688961,-0.25780736421523054,-0.1473637402101185,0.007992007992007992,-0.2696883145450015,-0.13548278988034756,0.02197802197802198,-0.15051531515435201
gss_adapted,59,speed15,2000,702,-0.1859538216367364,-0.47976122775308766,9.557643500097097,10.317177704766266,-0.2033137749416798,-0.27644745281140787,0.000999000999000999,-0.2807367882115674,-0.19902443954152027,0.000999000999000999,-0.29380740611635126
gss_adapted,59,alt180,2000,802,-1.1004515765830873,-0.6492152420845709,12.175629390977322,11.857605783960915,-1.1385933000809976,0.48937805799642664,0.000999000999000999,-1.108945580493156,0.4597303384085851,0.000999000999000999,0.4512363344985164
gss_adapted,59,speed10,2000,674,0.04654437537491322,0.10487573604909178,8.483448478788137,8.500749042373737,0.04033968121850646,0.06453605483058533,0.20279720279720279,0.037487882104254806,0.06738785394483698,0.16283716283716285,0.058331360674178566
gss_adapted,71,baseline,2000,887,0.005611046269536018,-0.1568385492653293,12.592665923967958,11.92333992727714,0.03232626093070759,-0.1891648101960369,0.04095904095904096,0.007905691744762681,-0.164744241010092,0.06593406593406594,-0.16244959553486532
gss_adapted,71,wind5,2000,986,0.477025606662035,0.41914736184822377,11.869506554156542,11.462527490472214,0.47476424940381007,-0.0556168875555863,0.46353646353646355,0.43203800186560687,-0.012890640017383104,0.8721278721278721,-0.05787824481381121
gss_adapted,71,speed15,2000,702,0.8847416393011809,0.9375933900348141,9.502226980984211,10.26253896034681,0.94417778187408,-0.006584391839265846,0.951048951048951,0.8752061052071529,0.062387284827661205,0.5324675324675324,0.05285175073363324
gss_adapted,71,alt180,2000,802,0.03800741468369961,0.920040599128552,11.967999730423093,11.555370059914125,0.08198823821565789,0.838052360912894,0.000999000999000999,0.16830921287908243,0.7517313862494696,0.000999000999000999,0.8820331844448523
gss_adapted,71,speed10,2000,674,0.5467951041162014,0.5714124553458273,8.403574635103345,8.318706979914305,0.5500615476067086,0.02135090773911874,0.7002997002997003,0.5390327642777796,0.03237969106804772,0.5644355644355644,0.02461735122962594
gss_adapted,89,baseline,2000,887,-0.4631685724928975,-0.6097207452761684,12.658665160261094,12.014187332944106,-0.4679244132670808,-0.1417963320090876,0.07892107892107893,-0.47897253296989784,-0.13074821230627054,0.08791208791208792,-0.14655217278327087
gss_adapted,89,wind5,2000,986,-0.2767877535074949,-0.41130783011415184,11.957376140236855,11.517684507805242,-0.27955501951421263,-0.1317528105999392,0.025974025974025976,-0.30067709239489904,-0.1106307377192528,0.060939060939060936,-0.13452007660665694
gss_adapted,89,speed15,2000,702,-0.2875877467021346,-0.459473713829137,9.491671974509954,10.109882476556505,-0.30775231655497537,-0.15172139727416162,0.04695304695304695,-0.37001116824300595,-0.08946254558613104,0.22577422577422576,-0.17188596712700238
gss_adapted,89,alt180,2000,802,-0.894784321680665,-0.3033192343916976,12.014368099942804,11.559689560324474,-0.9094132331102445,0.6060939987185469,0.000999000999000999,-0.8636609928248639,0.5603417584331662,0.000999000999000999,0.5914650872889674
gss_adapted,89,speed10,2000,674,-0.24473405741155146,-0.24313509437733657,8.842517005935312,8.902555332914304,-0.2516730263364201,0.008537931959083506,0.8301698301698301,-0.24892572519246242,0.005790630815125847,0.9010989010989011,0.0015989630342148897
gss_adapted,107,baseline,2000,887,0.23099359302967787,0.3533669229189465,13.198364763490856,12.581291804201438,0.24117144994530512,0.11219547297364138,0.2007992007992008,0.23017353083574518,0.12319339208320132,0.16783216783216784,0.12237332988926863
gss_adapted,107,wind5,2000,986,1.4372859427779914,1.338496631891684,12.531478440910577,12.102001953862501,1.4431538884086421,-0.10465725651695812,0.25674325674325676,1.3831214917473074,-0.04462485985562337,0.5974025974025974,-0.09878931088630738
gss_adapted,107,speed15,2000,702,0.0978128436356783,0.025674523621203215,9.484614313036204,10.195462583986103,0.11469008813289892,-0.0890155645116957,0.26573426573426573,0.04258997508379855,-0.01691545146259533,0.8391608391608392,-0.07213832001447508
gss_adapted,107,alt180,2000,802,-0.6821311909854412,0.02327006085406515,12.039731733143329,11.575431052734727,-0.6674835250919986,0.6907535859460637,0.000999000999000999,-0.60853852038767,0.6318085812417351,0.000999000999000999,0.7054012518395063
gss_adapted,107,speed10,2000,674,0.025526824776083232,-0.02724153926535247,8.481418877981604,8.522284782693365,0.020183824150637793,-0.04742536341599027,0.27472527472527475,0.007764605886744982,-0.035006145152097455,0.3756243756243756,-0.0527683640414357
cgsm_dual,7,baseline,2000,887,-0.40660695265233515,-0.6374667743147427,12.746900472715497,12.066066813778043,-0.4184393852936133,-0.21902738902112945,0.017982017982017984,-0.4190691546882226,-0.21839761962652016,0.00999000999000999,-0.2308598216624076
cgsm_dual,7,wind5,2000,986,-0.24153560952842235,-0.32932241490719044,12.17850087094307,11.74030002069038,-0.2500689064831058,-0.07925350842408463,0.32867132867132864,-0.3039906823408951,-0.02533173256629534,0.7172827172827173,-0.0877868053787681
cgsm_dual,7,speed15,2000,702,-0.29670133208483457,-0.33954945945332193,9.652288872741163,10.128407584338786,-0.32631333940124385,-0.013236120052078082,0.8421578421578422,-0.3498264753387308,0.010277015885408858,0.8711288711288712,-0.042848127368487365
cgsm_dual,7,alt180,2000,802,-0.6879329282790423,-0.3513727754057197,11.91916405980289,11.69119968791109,-0.6980115951322848,0.34663881972656513,0.005994005994005994,-0.6919670039213714,0.34059422851565174,0.013986013986013986,0.3365601528733226
cgsm_dual,7,speed10,2000,674,0.17962852891534567,0.18845302655806528,8.4124191833511,8.290453843905063,0.1777580421868113,0.01069498437125399,0.8371628371628371,0.17163672428798618,0.016816302270079103,0.7412587412587412,0.008824497642719614
cgsm_dual,11,baseline,2000,887,-0.08492370570451022,-0.2885045222392077,12.441253020644188,11.81734153672028,-0.07901115452073665,-0.20949336771847105,0.03396603396603397,-0.10134306157630785,-0.18716146066289985,0.04995004995004995,-0.20358081653469748
cgsm_dual,11,wind5,2000,986,-0.3660771563649178,-0.931381792056754,12.278051955111325,12.22388147484156,-0.3736090699549755,-0.5577727221017785,0.000999000999000999,-0.4703499795538876,-0.4610318125028664,0.000999000999000999,-0.5653046356918362
cgsm_dual,11,speed15,2000,702,-0.04594222415238619,-0.1238203943412528,9.460576009854675,10.171049256949683,-0.03406086158279065,-0.08975953275846216,0.13686313686313686,-0.08266394471032072,-0.04115644963093208,0.5164835164835165,-0.07787817018886661
cgsm_dual,11,alt180,2000,802,-1.137765091329813,-0.7318194914339784,12.162865712702274,11.885001160408791,-1.1384847892839611,0.40666529784998273,0.002997002997002997,-1.1415967800570432,0.40977728862306484,0.001998001998001998,0.40594559989583456
cgsm_dual,11,speed10,2000,674,0.14249139165878297,0.10374537198762865,8.446972260773181,8.362913279001013,0.13798206819892872,-0.03423669621130007,0.3146853146853147,0.13484962599607495,-0.031104254008446297,0.3696303696303696,-0.03874601967115432
cgsm_dual,23,baseline,2000,887,-0.5039157890081406,-0.46825443146059453,12.94613571678102,12.342026013397982,-0.5315959350410605,0.06334150358046597,0.5704295704295704,-0.5562697285700998,0.08801529710950529,0.3866133866133866,0.03566135754754607
cgsm_dual,23,wind5,2000,986,0.008856417924165725,-0.06739306851889008,11.78907851548493,11.365694213923044,0.0043411320277956635,-0.07173420054668575,0.15584415584415584,-0.004326117594258522,-0.06306695092463156,0.18981018981018982,-0.0762494864430558
cgsm_dual,23,speed15,2000,702,0.1395519702322781,-0.20501251484763588,9.389271617840976,9.944298703488801,0.0946195507091158,-0.2996320655567517,0.001998001998001998,0.0036763002357592485,-0.20868881508339512,0.005994005994005994,-0.344564485079914
cgsm_dual,23,alt180,2000,802,-0.48809442161768674,-0.27722918177186107,11.926736858934165,11.698174511293818,-0.5072753854890507,0.23004620371718965,0.07892107892107893,-0.4964856085725348,0.21925642680067375,0.08491508491508491,0.21086523984582567
cgsm_dual,23,speed10,2000,674,0.054681390568614006,0.027469825364361884,8.496378979220987,8.368811860901666,0.05884087117167326,-0.03137104580731138,0.5314685314685315,0.07196973967702515,-0.044499914312663265,0.32367632367632365,-0.027211565204252122
cgsm_dual,47,baseline,2000,887,-0.47050873884558675,-0.3387662191132951,12.640376070201397,12.007850820141957,-0.4538606439141241,0.11509442480082904,0.1928071928071928,-0.4510163085916923,0.11225008947839721,0.1918081918081918,0.13174251973229167
cgsm_dual,47,wind5,2000,986,-0.20471952809393407,-0.26833494524443124,12.024183448687197,11.627212280554897,-0.21049072423783838,-0.057844221006592866,0.2087912087912088,-0.22080679282030338,-0.04752815242412786,0.26873126873126874,-0.06361541715049718
cgsm_dual,47,speed15,2000,702,-0.2778612527772784,-0.34164777364146676,9.749866945460438,10.469824984372512,-0.26858973787326484,-0.07305803576820191,0.22877122877122877,-0.31974425143405805,-0.02190352220740871,0.6883116883116883,-0.06378652086418835
cgsm_dual,47,alt180,2000,802,-0.7821212495416403,-0.15530736573467827,11.946858617395163,11.524568874714083,-0.7737569847198901,0.6184496189852118,0.000999000999000999,-0.7497571193178452,0.5944497535831669,0.000999000999000999,0.626813883806962
cgsm_dual,47,speed10,2000,674,0.11661909378319979,0.10528097854435267,8.476542158402502,8.39449390461696,0.11594390508650475,-0.010662926542152076,0.7502497502497503,0.11619163495913604,-0.010910656414783365,0.7452547452547452,-0.011338115238847118
cgsm_dual,59,baseline,2000,887,-0.047796157330274584,-0.2683454251679116,12.427564240589739,11.804718591886013,-0.07707271948016155,-0.19127270568775007,0.07392607392607392,-0.05531969350679438,-0.2130257316611172,0.03796203796203796,-0.220549267837637
cgsm_dual,59,wind5,2000,986,-0.43301271139085296,-0.5026100027029219,12.078336093142628,11.720764250651335,-0.43394842444124254,-0.06866157826167935,0.25274725274725274,-0.4523974935245843,-0.05021250917833758,0.34565434565434566,-0.06959729131206893
cgsm_dual,59,speed15,2000,702,-0.19089645694941282,-0.4290905063945344,9.537927190937102,10.265161189916636,-0.22381508538148767,-0.20527542101304672,0.001998001998001998,-0.28528388530961163,-0.14380662108492276,0.02097902097902098,-0.23819404944512157
cgsm_dual,59,alt180,2000,802,-0.6288561129122973,-0.14076074946699593,12.019398994624614,11.65257303375853,-0.632137353719723,0.4913766042527271,0.000999000999000999,-0.5950116844184616,0.45425093495146573,0.000999000999000999,0.48809536344530136
cgsm_dual,59,speed10,2000,674,0.2506099805533886,0.22613678169533477,8.33402146205306,8.37191777369035,0.2497135307166221,-0.02357674902128734,0.6153846153846154,0.23990025084641703,-0.013763469151082258,0.7692307692307693,-0.024473198858053852
cgsm_dual,71,baseline,2000,887,-0.5125563412606716,-0.6804034018126792,12.592665923967958,11.92333992727714,-0.4853007529326092,-0.19510264888007,0.028971028971028972,-0.49089407412719654,-0.18950932768548268,0.01898101898101898,-0.1678470605520076
cgsm_dual,71,wind5,2000,986,-0.25064762100577354,-0.3813995190312364,12.166484361231326,11.746165193179074,-0.25292460083520135,-0.12847491819603507,0.10989010989010989,-0.2980492835912687,-0.08335023543996772,0.22277722277722278,-0.1307518980254629
cgsm_dual,71,speed15,2000,702,0.38661739899218084,0.45911426804004574,9.535847522050142,10.244029076520533,0.43632874307447445,0.02278552496557129,0.7562437562437563,0.40164877122310716,0.05746549681693858,0.4355644355644356,0.0724968690478649
cgsm_dual,71,alt180,2000,802,-0.7085806712061167,0.01321708357096313,12.141686393290758,11.688791237492811,-0.6885232047255745,0.7017402882965377,0.000999000999000999,-0.5946644285466319,0.6078815121175951,0.000999000999000999,0.7217977547770799
cgsm_dual,71,speed10,2000,674,0.2769879032969475,0.2067685463971483,8.44529546713829,8.498602894916909,0.27292046064757125,-0.06615191425042294,0.1998001998001998,0.2678927093338055,-0.06112416293665718,0.2057942057942058,-0.07021935689979919
cgsm_dual,89,baseline,2000,887,-0.1223150530681014,-0.2579370360766887,12.658665160261094,12.014187332944106,-0.12481645181198482,-0.1331205842647039,0.14685314685314685,-0.14033286182940327,-0.11760417424728545,0.15384615384615385,-0.1356219830085873
cgsm_dual,89,wind5,2000,986,-0.01750153608620167,-0.17413992055410304,12.129949340760708,11.792579507489233,-0.012729330726567453,-0.1614105898275356,0.026973026973026972,-0.040874285593135794,-0.13326563496096724,0.058941058941058944,-0.15663838446790138
cgsm_dual,89,speed15,2000,702,0.07521120022982358,0.05213162305093559,9.470874847844243,10.074333161964715,0.03467571952637013,0.017455903524565462,0.8301698301698301,-0.005054286624511258,0.05718590967544685,0.47352647352647353,-0.02307957717888799
cgsm_dual,89,alt180,2000,802,-0.5010776424407959,0.2466878814070005,11.895784196957946,11.451900394963207,-0.5240466035547721,0.7707344849617725,0.000999000999000999,-0.4713868495309076,0.7180747309379081,0.000999000999000999,0.7477655238477964
cgsm_dual,89,speed10,2000,674,0.16573915151506663,-0.06047308845141521,8.389407471679151,8.4879234942334,0.16189419457963913,-0.22236728303105435,0.003996003996003996,0.13226111907349786,-0.19273420752491308,0.006993006993006993,-0.22621223996648185
cgsm_dual,107,baseline,2000,887,-0.43614601596444846,-0.5196074928244179,13.198364763490856,12.581291804201438,-0.43290272412624825,-0.08670476869816962,0.30569430569430567,-0.43767760646066284,-0.08192988636375503,0.2757242757242757,-0.08346147685996941
cgsm_dual,107,wind5,2000,986,0.7649572503119707,0.6883704015800001,12.462688225850464,11.974871527622728,0.7618602757612105,-0.07348987418121045,0.27172827172827174,0.7373930053531,-0.04902260377309997,0.46353646353646355,-0.07658684873197064
cgsm_dual,107,speed15,2000,702,-0.18484364940226078,-0.3514029619700549,9.592053971499205,10.354402554510665,-0.19119725328844042,-0.16020570868161446,0.012987012987012988,-0.2595004993478298,-0.09190246262222507,0.15184815184815184,-0.1665593125677941
cgsm_dual,107,alt180,2000,802,-0.7515427569299936,-0.15248869883449298,12.102578022897244,11.552888945302463,-0.739865368380589,0.587376669546096,0.000999000999000999,-0.6588564039399069,0.5063677051054138,0.000999000999000999,0.5990540580955006
cgsm_dual,107,speed10,2000,674,0.12900253795832395,0.07816837166466416,8.428172846287488,8.49074998436059,0.12387997879121278,-0.04571160712654862,0.4085914085914086,0.11129475326065774,-0.033126381595993584,0.5244755244755245,-0.05083416629365979
dualls_adapted,7,baseline,2000,887,-0.6022611609250307,-0.6903120002792277,12.548405885800719,11.916773730462676,-0.5872591903553606,-0.10305280992386712,0.24575424575424576,-0.5784559008007656,-0.11185609947846209,0.1798201798201798,-0.088050839354197
dualls_adapted,7,wind5,2000,986,-0.17252637687325478,-0.22758589820977881,11.763494609683752,11.392784336578048,-0.17398924688088468,-0.05359665132889413,0.4045954045954046,-0.1705194077704696,-0.057066490439309225,0.3086913086913087,-0.05505952133652403
dualls_adapted,7,speed15,2000,702,0.09887406124919652,0.007468025208028973,9.260361875601113,9.841623278531085,0.07948445456769906,-0.07201642935967009,0.35364635364635366,0.04210035700746962,-0.03463233179944065,0.6573426573426573,-0.09140603604116755
dualls_adapted,7,alt180,2000,802,-0.6110491356998682,-0.22228913633454767,11.745859558165073,11.408782222027195,-0.6087817466660028,0.38649261033145516,0.000999000999000999,-0.6014041136012426,0.3791149772666949,0.000999000999000999,0.3887599993653205
dualls_adapted,7,speed10,2000,674,0.08795169671624899,0.18682568106877698,8.37405525559932,8.405178642768181,0.08949600923171432,0.09732967183706266,0.025974025974025976,0.08574782400952963,0.10107785705924735,0.013986013986013986,0.09887398435252799
dualls_adapted,11,baseline,2000,887,-0.1728398947864771,-0.14356190006520594,12.495050744056702,11.945251176362644,-0.1338420996941274,-0.009719800371078557,0.9270729270729271,-0.13182985982889966,-0.01173204023630628,0.8901098901098901,0.029277994721271156
dualls_adapted,11,wind5,2000,986,0.23640481600165367,-0.021580081531290592,11.895212884634732,11.503461853425353,0.22883694070344113,-0.2504170222347317,0.000999000999000999,0.18997341571730642,-0.211553497248597,0.006993006993006993,-0.25798489753294424
dualls_adapted,11,speed15,2000,702,-0.0438649984896183,-0.19758935565622443,9.32426884391904,10.012435291609872,-0.07210744587825932,-0.1254819097779651,0.09290709290709291,-0.13178715926227016,-0.06580219639395427,0.3626373626373626,-0.15372435716660612
dualls_adapted,11,alt180,2000,802,-0.5795217272564769,-0.1665839946775365,11.590654658079147,11.296393800257448,-0.5591656018835277,0.3925816072059912,0.002997002997002997,-0.567563334096579,0.4009793394190425,0.000999000999000999,0.4129377325789404
dualls_adapted,11,speed10,2000,674,0.14575497453659772,0.23336197860339983,8.4073842144534,8.39986566686312,0.13917187276248313,0.0941901058409167,0.01098901098901099,0.14718907120036784,0.08617290740303199,0.02197802197802198,0.08760700406680211
dualls_adapted,23,baseline,2000,887,-0.3632503941357136,-0.41836514857334106,12.503137024611235,11.873207718469917,-0.35091607713479794,-0.06744907143854312,0.5214785214785215,-0.31497361090726317,-0.10339153766607789,0.2707292707292707,-0.05511475443762748
dualls_adapted,23,wind5,2000,986,0.008971820138394832,0.00920843671531271,11.706826200410724,11.279700462976527,0.01032694041150453,-0.0011185036961918193,0.971028971028971,-0.012625969133104027,0.021834405848416737,0.6963036963036963,0.0002366165769178783
dualls_adapted,23,speed15,2000,702,-0.03291334642469883,-0.1505855599529723,9.32045659480989,9.915834409473968,-0.052008852720508286,-0.098576707232464,0.13286713286713286,-0.1306019773059984,-0.01998358264697389,0.7662337662337663,-0.11767221352827346
dualls_adapted,23,alt180,2000,802,-0.4987741121649742,0.029277769333109296,11.759353440493346,11.540538225090712,-0.5009486523205072,0.5302264216536166,0.000999000999000999,-0.4874709846190157,0.516748753952125,0.000999000999000999,0.5280518814980835
dualls_adapted,23,speed10,2000,674,0.12683757551014424,0.18139070316662775,8.337456192284822,8.309223273918255,0.12792968929283038,0.05346101387379737,0.18681318681318682,0.13682871360681464,0.04456198955981311,0.24475524475524477,0.05455312765648351
dualls_adapted,47,baseline,2000,887,-0.32600420638918876,-0.09421797404160226,12.577971003174781,11.975812557920932,-0.29128103476771006,0.1970630607261078,0.03896103896103896,-0.2433012598028942,0.14908328576129193,0.06793206793206794,0.2317862323475865
dualls_adapted,47,wind5,2000,986,0.1476627238318324,0.21632500248252742,11.901287238880991,11.418521970752286,0.14501267491611644,0.07131232756641098,0.32367632367632365,0.13870120415966083,0.07762379832286659,0.26573426573426573,0.06866227865069502
dualls_adapted,47,speed15,2000,702,-0.05806691084802151,-0.2514893748396822,9.350261688157916,10.089777717393348,-0.07936295529315744,-0.17212641954652474,0.03796203796203796,-0.18743007039176443,-0.06405930444791777,0.3906093906093906,-0.1934224639916607
dualls_adapted,47,alt180,2000,802,-0.7465961945801973,-0.24005511607463817,11.832660281032323,11.469289384132015,-0.75518092849332,0.5151258124186818,0.000999000999000999,-0.7109900951246404,0.47093497905000226,0.000999000999000999,0.5065410785055592
dualls_adapted,47,speed10,2000,674,0.2737587485462427,0.34716604225536485,8.383005143091083,8.352296651470908,0.277485837424295,0.06968020483106985,0.11688311688311688,0.28101267124807705,0.0661533710072878,0.17382617382617382,0.07340729370912213
dualls_adapted,59,baseline,2000,887,-0.15145253072679044,-0.3715020550883206,12.494939285606145,11.921047695359087,-0.14990422348119653,-0.2215978316071241,0.07192807192807193,-0.16828070526620267,-0.20322134982211795,0.07292707292707293,-0.2200495243615302
dualls_adapted,59,wind5,2000,986,0.025246128246188163,0.07906927210684964,11.751508800148963,11.327397313853064,0.023738141207625314,0.055331130899224326,0.24675324675324675,0.010819349735000029,0.06824992237184961,0.16883116883116883,0.053823143860661476
dualls_adapted,59,speed15,2000,702,-0.026097309857606887,-0.1457441717046618,9.346080056473612,10.114636451260656,-0.010302376473355105,-0.1354417952313067,0.04895104895104895,-0.07102117481552603,-0.07472299688913578,0.25674325674325676,-0.11964686184705492
dualls_adapted,59,alt180,2000,802,-0.4745952173769474,-0.03558312947316063,11.546676552593707,11.309273780655683,-0.4452876549679694,0.4097045254948088,0.000999000999000999,-0.4394265015620238,0.4038433720888632,0.000999000999000999,0.43901208790378676
dualls_adapted,59,speed10,2000,674,0.20190615754947067,0.14802224027650646,8.278276338282973,8.231304412867974,0.20093674337357104,-0.05291450309706458,0.1978021978021978,0.19899537927005032,-0.05097313899354386,0.1888111888111888,-0.05388391727296421
dualls_adapted,71,baseline,2000,887,-0.3161897637695074,-0.5493265532855923,12.631221864417196,12.082586775133818,-0.29299918182050605,-0.2563273714650863,0.01098901098901099,-0.32010935347123165,-0.22921719981436067,0.01098901098901099,-0.2331367895160849
dualls_adapted,71,wind5,2000,986,0.07989193333685399,-0.20002150783432424,11.783733884885907,11.4001348635246,0.07166470900829064,-0.27168621684261485,0.000999000999000999,0.02583142664052156,-0.2258529344748458,0.000999000999000999,-0.2799134411711782
dualls_adapted,71,speed15,2000,702,0.007093824937939644,-0.2028127381859342,9.38708700531721,10.165256095323128,0.006903226741004744,-0.20971596492693895,0.016983016983016984,-0.10764201556811709,-0.09517072261781712,0.2907092907092907,-0.20990656312387385
dualls_adapted,71,alt180,2000,802,-0.6550958896577358,-0.19940111442397063,11.90785409297049,11.497837422122979,-0.6502846687497774,0.4508835543258068,0.000999000999000999,-0.5831907678258902,0.38378965340191956,0.002997002997002997,0.45569477523376517
dualls_adapted,71,speed10,2000,674,0.14735801436007023,0.3151324679218343,8.32745503115654,8.192442024673836,0.14276976764522323,0.17236270027661107,0.000999000999000999,0.15868071176075088,0.15645175616108342,0.002997002997002997,0.16777445356176407
dualls_adapted,89,baseline,2000,887,-0.5407560940980911,-0.8050231129065442,12.635029380075634,12.06439401464707,-0.5276830738566065,-0.27734003904993765,0.001998001998001998,-0.5329500258035347,-0.2720730871030095,0.001998001998001998,-0.26426701880845305
dualls_adapted,89,wind5,2000,986,-0.09553916169703007,-0.2360782884439155,11.854545175001025,11.417899900408836,-0.0962364694212819,-0.1398418190226336,0.017982017982017984,-0.12241010962647703,-0.11366817881743849,0.03496503496503497,-0.14053912674688546
dualls_adapted,89,speed15,2000,702,0.028438866086304186,0.049726247745022135,9.305539754301309,9.920067502392662,0.011808267308786412,0.037917980436235725,0.6173826173826173,-0.049190757958253756,0.09891700570327588,0.1838161838161838,0.02128738165871795
dualls_adapted,89,alt180,2000,802,-0.6112885250747204,-0.038819502119411556,11.778822092086077,11.389797048601427,-0.6076482526045969,0.5688287504851853,0.000999000999000999,-0.560494029330288,0.5216745272108765,0.000999000999000999,0.5724690229553089
dualls_adapted,89,speed10,2000,674,0.09566930954158306,0.1524592059877223,8.333714042805136,8.351157025453421,0.09360504393746123,0.058854162050261075,0.17282717282717283,0.08075118646622632,0.07170801952149598,0.08491508491508491,0.05678989644613924
dualls_adapted,107,baseline,2000,887,-0.7214713341295719,-0.975730112735959,12.748862841874361,12.20936813053445,-0.7331590999931451,-0.2425710127428139,0.01098901098901099,-0.7620591083066495,-0.21367100442930953,0.013986013986013986,-0.2542587786063871
dualls_adapted,107,wind5,2000,986,-0.09271498200297355,-0.15692020520477218,11.849808012396098,11.458086158029932,-0.09235524412804304,-0.06456496107672914,0.17082917082917082,-0.10072740879112302,-0.05619279641364916,0.17682317682317683,-0.06420522320179863
dualls_adapted,107,speed15,2000,702,-0.11404636270925403,-0.4328038713488823,9.33665089011565,10.11468107960163,-0.1514585909670669,-0.2813452803818154,0.000999000999000999,-0.2771496875364687,-0.15565418381241364,0.03496503496503497,-0.31875750863962826
dualls_adapted,107,alt180,2000,802,-0.7951935828924179,-0.20968062685166214,11.87661200618744,11.387548350113585,-0.7997684176759837,0.5900877908243216,0.000999000999000999,-0.7242942440478194,0.5146136171961573,0.000999000999000999,0.5855129560407558
dualls_adapted,107,speed10,2000,674,0.07277478350326419,0.055423235260945045,8.340470781181008,8.411012544763725,0.06839635290631947,-0.012973117645374427,0.7272727272727273,0.06517980613980139,-0.009756570878856341,0.7792207792207793,-0.017351548242319145
