method,seed,learn_step,learn_task,eval_task_index,eval_task,n,cpa_n,fde,risk_fde,train_seconds
finetune,7,0,MA,0,MA,1178,126,2.5815088748931885,2.5621955394744877,38.964398699987214
finetune,7,1,FT,0,MA,1178,126,4.699892520904541,3.6554245948791504,41.541248099994846
finetune,7,1,FT,1,FT,2452,138,2.81719970703125,2.9266061782836914,41.541248099994846
finetune,7,2,LN,0,MA,1178,126,5.578339576721191,4.196430206298828,43.86749560001772
finetune,7,2,LN,1,FT,2452,138,3.371542692184448,3.259617567062378,43.86749560001772
finetune,7,2,LN,2,LN,238,6,1.945441961288452,3.995539426803589,43.86749560001772
finetune,7,3,ZS2,0,MA,1178,126,4.857207775115967,3.957026720046997,116.84013940003932
finetune,7,3,ZS2,1,FT,2452,138,4.445727825164795,4.82151460647583,116.84013940003932
finetune,7,3,ZS2,2,LN,238,6,4.175797939300537,5.661064624786377,116.84013940003932
finetune,7,3,ZS2,3,ZS2,1043,276,1.149548888206482,1.0705054998397827,116.84013940003932
finetune,7,4,OF,0,MA,1178,126,5.290798664093018,3.872301816940308,118.93772350001382
finetune,7,4,OF,1,FT,2452,138,4.366820812225342,4.435203075408936,118.93772350001382
finetune,7,4,OF,2,LN,238,6,3.149097442626953,3.8064157962799072,118.93772350001382
finetune,7,4,OF,3,ZS2,1043,276,2.462348461151123,2.2647416591644287,118.93772350001382
finetune,7,4,OF,4,OF,568,28,2.967876672744751,1.8088243007659912,118.93772350001382
finetune,7,5,EP0,0,MA,1178,126,4.5068464279174805,3.383023262023926,126.65892590000294
finetune,7,5,EP0,1,FT,2452,138,4.172985553741455,4.057072162628174,126.65892590000294
finetune,7,5,EP0,2,LN,238,6,3.1170897483825684,4.462599754333496,126.65892590000294
finetune,7,5,EP0,3,ZS2,1043,276,2.81196403503418,1.7747398614883425,126.65892590000294
finetune,7,5,EP0,4,OF,568,28,4.283115863800049,3.3988678455352783,126.65892590000294
finetune,7,5,EP0,5,EP0,556,106,1.5149585008621216,1.672168254852295,126.65892590000294
finetune,7,6,GL,0,MA,1178,126,2.8887436389923096,2.8112947940826416,144.1541215000325
finetune,7,6,GL,1,FT,2452,138,3.8028993606567374,3.4073002338409424,144.1541215000325
finetune,7,6,GL,2,LN,238,6,3.740033864974976,4.92293119430542,144.1541215000325
finetune,7,6,GL,3,ZS2,1043,276,3.5061960220336914,2.2772104740142822,144.1541215000325
finetune,7,6,GL,4,OF,568,28,5.487976551055908,4.884461879730225,144.1541215000325
finetune,7,6,GL,5,EP0,556,106,2.818542242050171,2.7278494834899902,144.1541215000325
finetune,7,6,GL,6,GL,3050,241,1.8161498308181765,1.8433061838150024,144.1541215000325
finetune,7,7,ZS0,0,MA,1178,126,4.8805131912231445,3.8355460166931152,127.30306810000911
finetune,7,7,ZS0,1,FT,2452,138,4.193780899047852,4.480501651763916,127.30306810000911
finetune,7,7,ZS0,2,LN,238,6,4.239777565002441,4.648622035980225,127.30306810000911
finetune,7,7,ZS0,3,ZS2,1043,276,3.333387851715088,1.779370903968811,127.30306810000911
finetune,7,7,ZS0,4,OF,568,28,5.739783763885498,5.86688232421875,127.30306810000911
finetune,7,7,ZS0,5,EP0,556,106,2.2313029766082764,2.4014370441436768,127.30306810000911
finetune,7,7,ZS0,6,GL,3050,241,2.954612493515014,2.790874719619751,127.30306810000911
finetune,7,7,ZS0,7,ZS0,1084,2,1.027987718582153,1.3364540338516235,127.30306810000911
finetune,11,0,MA,0,MA,1178,126,2.532744884490967,2.373590469360352,118.52067189995432
finetune,11,1,FT,0,MA,1178,126,4.501283168792725,3.441655397415161,122.9809848999721
finetune,11,1,FT,1,FT,2452,138,2.5307986736297607,2.7044336795806885,122.9809848999721
finetune,11,2,LN,0,MA,1178,126,6.191428184509277,4.718720436096191,131.7261193000013
finetune,11,2,LN,1,FT,2452,138,3.9457952976226807,3.301283597946167,131.7261193000013
finetune,11,2,LN,2,LN,238,6,2.192984104156494,3.5076122283935547,131.7261193000013
finetune,11,3,ZS2,0,MA,1178,126,5.395177841186523,4.344411373138428,142.5450533000403
finetune,11,3,ZS2,1,FT,2452,138,4.617440700531006,4.7941107749938965,142.5450533000403
finetune,11,3,ZS2,2,LN,238,6,4.106743335723877,4.940240859985352,142.5450533000403
finetune,11,3,ZS2,3,ZS2,1043,276,1.1332796812057495,1.1382337808609009,142.5450533000403
finetune,11,4,OF,0,MA,1178,126,4.591123580932617,3.639202833175659,131.7947837000247
finetune,11,4,OF,1,FT,2452,138,3.692626237869263,3.578744649887085,131.7947837000247
finetune,11,4,OF,2,LN,238,6,3.337730646133423,4.213127136230469,131.7947837000247
finetune,11,4,OF,3,ZS2,1043,276,2.952011585235596,2.54528284072876,131.7947837000247
finetune,11,4,OF,4,OF,568,28,2.527195930480957,2.059464454650879,131.7947837000247
finetune,11,5,EP0,0,MA,1178,126,5.420434474945068,3.988317012786865,123.71191660000476
finetune,11,5,EP0,1,FT,2452,138,4.38510274887085,4.414109230041504,123.71191660000476
finetune,11,5,EP0,2,LN,238,6,3.0891003608703613,3.494516372680664,123.71191660000476
finetune,11,5,EP0,3,ZS2,1043,276,3.47295355796814,2.475888967514038,123.71191660000476
finetune,11,5,EP0,4,OF,568,28,4.426743984222412,3.6090281009674072,123.71191660000476
finetune,11,5,EP0,5,EP0,556,106,1.684051513671875,1.7899000644683838,123.71191660000476
finetune,11,6,GL,0,MA,1178,126,2.6415023803710938,2.706941604614258,100.0232435000362
finetune,11,6,GL,1,FT,2452,138,3.68967342376709,3.756047010421753,100.0232435000362
finetune,11,6,GL,2,LN,238,6,2.857787132263184,4.005636692047119,100.0232435000362
finetune,11,6,GL,3,ZS2,1043,276,2.5840513706207275,1.9871996641159055,100.0232435000362
finetune,11,6,GL,4,OF,568,28,5.148896217346191,4.825170040130615,100.0232435000362
finetune,11,6,GL,5,EP0,556,106,2.3797664642333984,2.389000177383423,100.0232435000362
finetune,11,6,GL,6,GL,3050,241,1.9895248413085935,1.9594091176986692,100.0232435000362
finetune,11,7,ZS0,0,MA,1178,126,5.0892839431762695,3.871718168258667,100.84081819996936
finetune,11,7,ZS0,1,FT,2452,138,4.241931915283203,4.315678119659424,100.84081819996936
finetune,11,7,ZS0,2,LN,238,6,3.853135108947754,4.889602184295654,100.84081819996936
finetune,11,7,ZS0,3,ZS2,1043,276,4.145412445068359,2.1397647857666016,100.84081819996936
finetune,11,7,ZS0,4,OF,568,28,5.529563426971436,5.759464263916016,100.84081819996936
finetune,11,7,ZS0,5,EP0,556,106,2.420499563217163,2.2894110679626465,100.84081819996936
finetune,11,7,ZS0,6,GL,3050,241,3.1725454330444336,3.17590856552124,100.84081819996936
finetune,11,7,ZS0,7,ZS0,1084,2,1.0418004989624023,1.7187577486038208,100.84081819996936
finetune,23,0,MA,0,MA,1178,126,3.104684829711914,2.707595109939575,73.18301610002527
finetune,23,1,FT,0,MA,1178,126,4.798670291900635,3.663799285888672,79.72789619996911
finetune,23,1,FT,1,FT,2452,138,2.7885100841522217,3.075119733810425,79.72789619996911
finetune,23,2,LN,0,MA,1178,126,5.727493762969971,4.8026204109191895,68.92901510000229
finetune,23,2,LN,1,FT,2452,138,3.60440444946289,3.332902193069458,68.92901510000229
finetune,23,2,LN,2,LN,238,6,2.4438586235046387,4.52538537979126,68.92901510000229
finetune,23,3,ZS2,0,MA,1178,126,4.783934116363525,4.023608207702637,70.78405989997555
finetune,23,3,ZS2,1,FT,2452,138,4.162217140197754,4.4951910972595215,70.78405989997555
finetune,23,3,ZS2,2,LN,238,6,3.780388355255127,5.327885150909424,70.78405989997555
finetune,23,3,ZS2,3,ZS2,1043,276,1.1117537021636963,1.113750457763672,70.78405989997555
finetune,23,4,OF,0,MA,1178,126,5.885403633117676,4.426016807556152,70.68470059998799
finetune,23,4,OF,1,FT,2452,138,4.666110038757324,5.439633369445801,70.68470059998799
finetune,23,4,OF,2,LN,238,6,4.1482648849487305,4.043270111083984,70.68470059998799
finetune,23,4,OF,3,ZS2,1043,276,3.6807379722595215,3.196476697921753,70.68470059998799
finetune,23,4,OF,4,OF,568,28,2.966773271560669,2.42890739440918,70.68470059998799
finetune,23,5,EP0,0,MA,1178,126,4.07502031326294,3.4326305389404297,69.2467711000354
finetune,23,5,EP0,1,FT,2452,138,3.3324694633483887,3.446707963943481,69.2467711000354
finetune,23,5,EP0,2,LN,238,6,2.5465667247772217,3.4853403568267822,69.2467711000354
finetune,23,5,EP0,3,ZS2,1043,276,2.143641233444214,1.4138349294662476,69.2467711000354
finetune,23,5,EP0,4,OF,568,28,4.158932685852051,4.1379075050354,69.2467711000354
finetune,23,5,EP0,5,EP0,556,106,1.6693099737167358,1.7973250150680542,69.2467711000354
finetune,23,6,GL,0,MA,1178,126,3.3643569946289062,2.9746673107147217,70.74262779997662
finetune,23,6,GL,1,FT,2452,138,3.652099609375,3.559102773666382,70.74262779997662
finetune,23,6,GL,2,LN,238,6,2.8826825618743896,3.4027538299560547,70.74262779997662
finetune,23,6,GL,3,ZS2,1043,276,3.05446457862854,1.9270257949829104,70.74262779997662
finetune,23,6,GL,4,OF,568,28,5.085360050201416,4.872256755828857,70.74262779997662
finetune,23,6,GL,5,EP0,556,106,2.1179065704345703,2.084071159362793,70.74262779997662
finetune,23,6,GL,6,GL,3050,241,1.9153759479522705,1.869713544845581,70.74262779997662
finetune,23,7,ZS0,0,MA,1178,126,4.623549938201904,3.665851831436157,68.63229310000315
finetune,23,7,ZS0,1,FT,2452,138,3.993705749511719,4.223348140716553,68.63229310000315
finetune,23,7,ZS0,2,LN,238,6,3.591890573501587,3.791973114013672,68.63229310000315
finetune,23,7,ZS0,3,ZS2,1043,276,2.950511932373047,1.6858080625534058,68.63229310000315
finetune,23,7,ZS0,4,OF,568,28,5.767907619476318,6.189361095428467,68.63229310000315
finetune,23,7,ZS0,5,EP0,556,106,2.210325002670288,2.230110883712769,68.63229310000315
finetune,23,7,ZS0,6,GL,3050,241,3.0408952236175537,3.0565905570983887,68.63229310000315
finetune,23,7,ZS0,7,ZS0,1084,2,1.0164179801940918,1.4831886291503906,68.63229310000315
finetune,47,0,MA,0,MA,1178,126,2.802724123001098,2.7466211318969727,67.52800470002694
finetune,47,1,FT,0,MA,1178,126,4.284090042114258,3.60041880607605,66.2720492000226
finetune,47,1,FT,1,FT,2452,138,2.5089540481567383,2.553016901016236,66.2720492000226
finetune,47,2,LN,0,MA,1178,126,5.461549282073975,4.268792629241943,64.53745100001106
finetune,47,2,LN,1,FT,2452,138,3.470500469207764,3.284135341644287,64.53745100001106
finetune,47,2,LN,2,LN,238,6,1.5663762092590332,3.455521821975708,64.53745100001106
finetune,47,3,ZS2,0,MA,1178,126,4.660224437713623,3.8898074626922607,66.89017090003472
finetune,47,3,ZS2,1,FT,2452,138,4.305320739746094,4.607907295227051,66.89017090003472
finetune,47,3,ZS2,2,LN,238,6,3.818763017654419,4.8754167556762695,66.89017090003472
finetune,47,3,ZS2,3,ZS2,1043,276,1.021071195602417,0.9652701020240784,66.89017090003472
finetune,47,4,OF,0,MA,1178,126,4.654799461364746,3.6916286945343018,63.55022319999989
finetune,47,4,OF,1,FT,2452,138,3.650789737701416,3.7205071449279785,63.55022319999989
finetune,47,4,OF,2,LN,238,6,2.702665328979492,3.771884202957153,63.55022319999989
finetune,47,4,OF,3,ZS2,1043,276,2.425734043121338,1.8646894693374636,63.55022319999989
finetune,47,4,OF,4,OF,568,28,2.510364055633545,1.6815474033355713,63.55022319999989
finetune,47,5,EP0,0,MA,1178,126,5.271669864654541,3.9444403648376474,64.50493430002825
finetune,47,5,EP0,1,FT,2452,138,4.876858234405518,4.534554481506348,64.50493430002825
finetune,47,5,EP0,2,LN,238,6,4.078444004058838,3.731769561767578,64.50493430002825
finetune,47,5,EP0,3,ZS2,1043,276,5.445524215698242,4.011510848999023,64.50493430002825
finetune,47,5,EP0,4,OF,568,28,4.815159797668457,3.3727290630340576,64.50493430002825
finetune,47,5,EP0,5,EP0,556,106,2.0127997398376465,1.8641552925109863,64.50493430002825
finetune,47,6,GL,0,MA,1178,126,3.037600517272949,2.864170551300049,64.1759933999856
finetune,47,6,GL,1,FT,2452,138,3.497161626815796,3.204423427581787,64.1759933999856
finetune,47,6,GL,2,LN,238,6,3.072737455368042,3.597717523574829,64.1759933999856
finetune,47,6,GL,3,ZS2,1043,276,2.726125240325928,1.9389519691467283,64.1759933999856
finetune,47,6,GL,4,OF,568,28,5.42986536026001,4.761013984680176,64.1759933999856
finetune,47,6,GL,5,EP0,556,106,1.9427164793014529,1.8099669218063357,64.1759933999856
finetune,47,6,GL,6,GL,3050,241,1.822553753852844,1.79883873462677,64.1759933999856
finetune,47,7,ZS0,0,MA,1178,126,4.994956970214844,3.921848773956299,63.10793440003181
finetune,47,7,ZS0,1,FT,2452,138,4.190446376800537,4.203915596008301,63.10793440003181
finetune,47,7,ZS0,2,LN,238,6,3.8710665702819824,4.170077800750732,63.10793440003181
finetune,47,7,ZS0,3,ZS2,1043,276,3.317470073699951,1.7890154123306274,63.10793440003181
finetune,47,7,ZS0,4,OF,568,28,5.9497833251953125,6.302407741546631,63.10793440003181
finetune,47,7,ZS0,5,EP0,556,106,2.355691432952881,2.153003692626953,63.10793440003181
finetune,47,7,ZS0,6,GL,3050,241,3.1368212699890137,3.042423248291016,63.10793440003181
finetune,47,7,ZS0,7,ZS0,1084,2,0.9496917128562928,0.933979332447052,63.10793440003181
reservoir,7,0,MA,0,MA,1178,126,2.5815088748931885,2.5621955394744877,40.88878169999225
reservoir,7,1,FT,0,MA,1178,126,2.537609338760376,2.720232486724853,108.09901059995173
reservoir,7,1,FT,1,FT,2452,138,2.5081896781921387,2.703092098236084,108.09901059995173
reservoir,7,2,LN,0,MA,1178,126,2.644514322280884,2.4250991344451904,214.9646193000372
reservoir,7,2,LN,1,FT,2452,138,2.681110143661499,2.7620561122894287,214.9646193000372
reservoir,7,2,LN,2,LN,238,6,1.915805101394653,3.685818672180176,214.9646193000372
reservoir,7,3,ZS2,0,MA,1178,126,2.7692737579345703,2.620126247406006,234.7402849000064
reservoir,7,3,ZS2,1,FT,2452,138,2.6860508918762207,2.6473658084869385,234.7402849000064
reservoir,7,3,ZS2,2,LN,238,6,1.735067367553711,3.410673141479492,234.7402849000064
reservoir,7,3,ZS2,3,ZS2,1043,276,1.220252275466919,1.2664445638656616,234.7402849000064
reservoir,7,4,OF,0,MA,1178,126,2.6858551502227783,2.699787139892578,226.98327519994928
reservoir,7,4,OF,1,FT,2452,138,2.496572256088257,2.410370349884033,226.98327519994928
reservoir,7,4,OF,2,LN,238,6,1.812676191329956,3.279496192932129,226.98327519994928
reservoir,7,4,OF,3,ZS2,1043,276,1.350167751312256,1.379535436630249,226.98327519994928
reservoir,7,4,OF,4,OF,568,28,2.592614889144897,2.16196608543396,226.98327519994928
reservoir,7,5,EP0,0,MA,1178,126,2.3460519313812256,2.426567316055298,188.0129353000084
reservoir,7,5,EP0,1,FT,2452,138,2.4892585277557373,2.6489486694335938,188.0129353000084
reservoir,7,5,EP0,2,LN,238,6,1.83975887298584,3.1335363388061523,188.0129353000084
reservoir,7,5,EP0,3,ZS2,1043,276,1.1768980026245115,1.1350679397583008,188.0129353000084
reservoir,7,5,EP0,4,OF,568,28,3.020251750946045,2.498335599899292,188.0129353000084
reservoir,7,5,EP0,5,EP0,556,106,1.5600614547729492,1.607651948928833,188.0129353000084
reservoir,7,6,GL,0,MA,1178,126,2.371009349822998,2.501305103302002,194.0261836000136
reservoir,7,6,GL,1,FT,2452,138,2.453305721282959,2.699547052383423,194.0261836000136
reservoir,7,6,GL,2,LN,238,6,1.829145908355713,3.118891954421997,194.0261836000136
reservoir,7,6,GL,3,ZS2,1043,276,1.1832057237625122,1.1084216833114624,194.0261836000136
reservoir,7,6,GL,4,OF,568,28,3.086754560470581,2.705054998397827,194.0261836000136
reservoir,7,6,GL,5,EP0,556,106,1.9220356941223145,1.9466087818145752,194.0261836000136
reservoir,7,6,GL,6,GL,3050,241,1.7309476137161257,1.7421852350234983,194.0261836000136
reservoir,7,7,ZS0,0,MA,1178,126,2.354299783706665,2.718644380569458,197.76322209998037
reservoir,7,7,ZS0,1,FT,2452,138,2.630788564682007,2.842081308364868,197.76322209998037
reservoir,7,7,ZS0,2,LN,238,6,1.9293954372406008,3.00886607170105,197.76322209998037
reservoir,7,7,ZS0,3,ZS2,1043,276,1.1755424737930298,0.9839354753494264,197.76322209998037
reservoir,7,7,ZS0,4,OF,568,28,3.208456039428711,3.247082233428955,197.76322209998037
reservoir,7,7,ZS0,5,EP0,556,106,2.2119927406311035,2.176790952682495,197.76322209998037
reservoir,7,7,ZS0,6,GL,3050,241,1.8997477293014529,1.992270827293396,197.76322209998037
reservoir,7,7,ZS0,7,ZS0,1084,2,1.0037647485733032,1.1392534971237185,197.76322209998037
reservoir,11,0,MA,0,MA,1178,126,2.532744884490967,2.373590469360352,116.25754139997298
reservoir,11,1,FT,0,MA,1178,126,2.3591561317443848,2.3210105895996094,219.745511199988
reservoir,11,1,FT,1,FT,2452,138,2.673423767089844,2.6327500343322754,219.745511199988
reservoir,11,2,LN,0,MA,1178,126,2.338611364364624,2.28884506225586,237.46505320002325
reservoir,11,2,LN,1,FT,2452,138,2.5119078159332275,2.4989538192749023,237.46505320002325
reservoir,11,2,LN,2,LN,238,6,1.778335452079773,3.499587059020996,237.46505320002325
reservoir,11,3,ZS2,0,MA,1178,126,2.353994607925415,2.2004783153533936,220.7768251000089
reservoir,11,3,ZS2,1,FT,2452,138,2.571553945541382,2.7453107833862305,220.7768251000089
reservoir,11,3,ZS2,2,LN,238,6,1.9389466047286987,3.387516021728516,220.7768251000089
reservoir,11,3,ZS2,3,ZS2,1043,276,1.110698938369751,1.0794137716293335,220.7768251000089
reservoir,11,4,OF,0,MA,1178,126,2.47635555267334,2.35010313987732,192.2993314999621
reservoir,11,4,OF,1,FT,2452,138,2.461840867996216,2.5978591442108154,192.2993314999621
reservoir,11,4,OF,2,LN,238,6,2.03787612915039,3.842418909072876,192.2993314999621
reservoir,11,4,OF,3,ZS2,1043,276,1.2082713842391968,1.083102822303772,192.2993314999621
reservoir,11,4,OF,4,OF,568,28,2.62650728225708,2.188490629196167,192.2993314999621
reservoir,11,5,EP0,0,MA,1178,126,2.513861656188965,2.6723320484161377,197.35051509999903
reservoir,11,5,EP0,1,FT,2452,138,2.574800968170166,2.704318046569824,197.35051509999903
reservoir,11,5,EP0,2,LN,238,6,1.9819207191467283,3.5205020904541016,197.35051509999903
reservoir,11,5,EP0,3,ZS2,1043,276,1.379608988761902,1.2340683937072754,197.35051509999903
reservoir,11,5,EP0,4,OF,568,28,3.1106295585632324,2.9962592124938965,197.35051509999903
reservoir,11,5,EP0,5,EP0,556,106,1.7890158891677856,1.7619364261627195,197.35051509999903
reservoir,11,6,GL,0,MA,1178,126,2.4663565158843994,2.468251466751098,200.56599309999729
reservoir,11,6,GL,1,FT,2452,138,2.5129494667053223,2.6021053791046143,200.56599309999729
reservoir,11,6,GL,2,LN,238,6,2.1246590614318848,3.803406000137329,200.56599309999729
reservoir,11,6,GL,3,ZS2,1043,276,1.485520839691162,1.3470419645309448,200.56599309999729
reservoir,11,6,GL,4,OF,568,28,3.2009222507476807,3.126572847366333,200.56599309999729
reservoir,11,6,GL,5,EP0,556,106,1.727843165397644,1.6257550716400146,200.56599309999729
reservoir,11,6,GL,6,GL,3050,241,1.767630100250244,1.7114341259002686,200.56599309999729
reservoir,11,7,ZS0,0,MA,1178,126,2.6784510612487797,2.7404699325561523,150.10016370000085
reservoir,11,7,ZS0,1,FT,2452,138,2.60918402671814,2.5869739055633545,150.10016370000085
reservoir,11,7,ZS0,2,LN,238,6,2.0158262252807617,3.8092315196990967,150.10016370000085
reservoir,11,7,ZS0,3,ZS2,1043,276,1.366776466369629,1.2164340019226074,150.10016370000085
reservoir,11,7,ZS0,4,OF,568,28,3.4479799270629883,3.310847759246826,150.10016370000085
reservoir,11,7,ZS0,5,EP0,556,106,1.831301212310791,1.7002842426300049,150.10016370000085
reservoir,11,7,ZS0,6,GL,3050,241,2.060593843460083,2.038062572479248,150.10016370000085
reservoir,11,7,ZS0,7,ZS0,1084,2,1.1694244146347046,1.6616246700286863,150.10016370000085
reservoir,23,0,MA,0,MA,1178,126,3.104684829711914,2.707595109939575,74.31901229999494
reservoir,23,1,FT,0,MA,1178,126,2.4204883575439453,2.436091184616089,150.23938119999366
reservoir,23,1,FT,1,FT,2452,138,3.0198895931243896,3.2012650966644287,150.23938119999366
reservoir,23,2,LN,0,MA,1178,126,2.511993169784546,2.3723530769348145,146.52061309997225
reservoir,23,2,LN,1,FT,2452,138,2.7410364151000977,2.9226834774017334,146.52061309997225
reservoir,23,2,LN,2,LN,238,6,1.964933037757873,4.000979900360107,146.52061309997225
reservoir,23,3,ZS2,0,MA,1178,126,2.529749631881714,2.2906501293182373,147.14012479997473
reservoir,23,3,ZS2,1,FT,2452,138,2.7780542373657227,2.8053998947143555,147.14012479997473
reservoir,23,3,ZS2,2,LN,238,6,1.8983873128890991,3.901065826416016,147.14012479997473
reservoir,23,3,ZS2,3,ZS2,1043,276,1.355107665061951,1.3733367919921875,147.14012479997473
reservoir,23,4,OF,0,MA,1178,126,2.374868631362915,2.3057100772857666,146.5452509999741
reservoir,23,4,OF,1,FT,2452,138,2.655752658843994,2.789969682693481,146.5452509999741
reservoir,23,4,OF,2,LN,238,6,1.9275227785110476,3.462881326675415,146.5452509999741
reservoir,23,4,OF,3,ZS2,1043,276,1.3902158737182615,1.315898299217224,146.5452509999741
reservoir,23,4,OF,4,OF,568,28,2.643516540527344,2.312650680541992,146.5452509999741
reservoir,23,5,EP0,0,MA,1178,126,2.5300748348236084,2.398564100265503,143.78189080004813
reservoir,23,5,EP0,1,FT,2452,138,2.5997140407562256,2.673713207244873,143.78189080004813
reservoir,23,5,EP0,2,LN,238,6,2.033554792404175,3.617485284805298,143.78189080004813
reservoir,23,5,EP0,3,ZS2,1043,276,1.3038630485534668,1.198891282081604,143.78189080004813
reservoir,23,5,EP0,4,OF,568,28,3.1255273818969727,3.069057941436768,143.78189080004813
reservoir,23,5,EP0,5,EP0,556,106,1.7592910528182983,1.7666703462600708,143.78189080004813
reservoir,23,6,GL,0,MA,1178,126,2.618091821670532,2.544087648391724,152.11768190003932
reservoir,23,6,GL,1,FT,2452,138,2.530882835388184,2.6729815006256104,152.11768190003932
reservoir,23,6,GL,2,LN,238,6,1.8780765533447263,3.13504409790039,152.11768190003932
reservoir,23,6,GL,3,ZS2,1043,276,1.282905340194702,1.096630334854126,152.11768190003932
reservoir,23,6,GL,4,OF,568,28,3.0984437465667725,2.909343004226685,152.11768190003932
reservoir,23,6,GL,5,EP0,556,106,1.9557600021362305,1.926574468612671,152.11768190003932
reservoir,23,6,GL,6,GL,3050,241,2.11423134803772,2.197115182876587,152.11768190003932
reservoir,23,7,ZS0,0,MA,1178,126,2.6797823905944824,2.633305549621582,147.2890073999879
reservoir,23,7,ZS0,1,FT,2452,138,2.6281192302703857,2.6596360206604004,147.2890073999879
reservoir,23,7,ZS0,2,LN,238,6,2.241377830505371,3.3361294269561768,147.2890073999879
reservoir,23,7,ZS0,3,ZS2,1043,276,1.1754590272903442,1.033856987953186,147.2890073999879
reservoir,23,7,ZS0,4,OF,568,28,3.195368766784668,3.39548134803772,147.2890073999879
reservoir,23,7,ZS0,5,EP0,556,106,1.863495111465454,1.866206169128418,147.2890073999879
reservoir,23,7,ZS0,6,GL,3050,241,2.32816481590271,2.42249608039856,147.2890073999879
reservoir,23,7,ZS0,7,ZS0,1084,2,0.9908292889595032,1.115329027175903,147.2890073999879
reservoir,47,0,MA,0,MA,1178,126,2.802724123001098,2.7466211318969727,68.982225499989
reservoir,47,1,FT,0,MA,1178,126,2.423409938812256,2.3874306678771973,143.0114149999572
reservoir,47,1,FT,1,FT,2452,138,2.480949640274048,2.377173900604248,143.0114149999572
reservoir,47,2,LN,0,MA,1178,126,2.718695640563965,2.374059200286865,141.0115479999804
reservoir,47,2,LN,1,FT,2452,138,2.775205612182617,2.5879604816436768,141.0115479999804
reservoir,47,2,LN,2,LN,238,6,1.7934606075286863,3.752595186233521,141.0115479999804
reservoir,47,3,ZS2,0,MA,1178,126,2.862224578857422,2.3602120876312256,140.3100094999536
reservoir,47,3,ZS2,1,FT,2452,138,2.8743720054626465,2.951337575912476,140.3100094999536
reservoir,47,3,ZS2,2,LN,238,6,2.0410845279693604,4.362971782684326,140.3100094999536
reservoir,47,3,ZS2,3,ZS2,1043,276,1.227352738380432,1.1287683248519895,140.3100094999536
reservoir,47,4,OF,0,MA,1178,126,2.686236619949341,2.532933473587036,140.40227319998667
reservoir,47,4,OF,1,FT,2452,138,2.8655335903167725,2.92297911643982,140.40227319998667
reservoir,47,4,OF,2,LN,238,6,2.048704147338867,3.677161931991577,140.40227319998667
reservoir,47,4,OF,3,ZS2,1043,276,1.5643213987350464,1.2989343404769895,140.40227319998667
reservoir,47,4,OF,4,OF,568,28,2.7423288822174072,2.496206998825073,140.40227319998667
reservoir,47,5,EP0,0,MA,1178,126,2.49320912361145,2.402303457260132,121.86170000000855
reservoir,47,5,EP0,1,FT,2452,138,2.990067481994629,2.7432351112365723,121.86170000000855
reservoir,47,5,EP0,2,LN,238,6,1.9472558498382568,3.571727752685547,121.86170000000855
reservoir,47,5,EP0,3,ZS2,1043,276,1.3430486917495728,1.1742708683013916,121.86170000000855
reservoir,47,5,EP0,4,OF,568,28,2.838059425354004,2.294060230255127,121.86170000000855
reservoir,47,5,EP0,5,EP0,556,106,1.6648802757263184,1.763363242149353,121.86170000000855
reservoir,47,6,GL,0,MA,1178,126,2.540117025375366,2.3216772079467773,111.83966189995408
reservoir,47,6,GL,1,FT,2452,138,2.941091537475586,2.825991153717041,111.83966189995408
reservoir,47,6,GL,2,LN,238,6,2.0503857135772705,3.298972845077514,111.83966189995408
reservoir,47,6,GL,3,ZS2,1043,276,1.3126766681671145,1.2181267738342283,111.83966189995408
reservoir,47,6,GL,4,OF,568,28,3.186138391494751,2.634787082672119,111.83966189995408
reservoir,47,6,GL,5,EP0,556,106,1.833160638809204,1.8064289093017576,111.83966189995408
reservoir,47,6,GL,6,GL,3050,241,1.8826349973678589,1.8479571342468264,111.83966189995408
reservoir,47,7,ZS0,0,MA,1178,126,2.515026569366455,2.4628102779388428,111.12746390001848
reservoir,47,7,ZS0,1,FT,2452,138,3.002798080444336,3.134577989578247,111.12746390001848
reservoir,47,7,ZS0,2,LN,238,6,2.046172857284546,2.882223129272461,111.12746390001848
reservoir,47,7,ZS0,3,ZS2,1043,276,1.302067518234253,1.302703857421875,111.12746390001848
reservoir,47,7,ZS0,4,OF,568,28,3.2447996139526367,2.852909803390503,111.12746390001848
reservoir,47,7,ZS0,5,EP0,556,106,1.9225025177001955,1.8792904615402224,111.12746390001848
reservoir,47,7,ZS0,6,GL,3050,241,1.9934605360031128,1.9239366054534912,111.12746390001848
reservoir,47,7,ZS0,7,ZS0,1084,2,1.0931522846221924,0.7922317981719971,111.12746390001848
gss_adapted,7,0,MA,0,MA,1178,126,2.5815088748931885,2.5621955394744877,112.61481429997366
gss_adapted,7,1,FT,0,MA,1178,126,2.6628706455230717,2.6419942378997803,222.5606822000118
gss_adapted,7,1,FT,1,FT,2452,138,2.658212900161743,2.784075736999512,222.5606822000118
gss_adapted,7,2,LN,0,MA,1178,126,2.604836940765381,2.6385598182678223,237.63007040001685
gss_adapted,7,2,LN,1,FT,2452,138,2.744328022003174,2.851008176803589,237.63007040001685
gss_adapted,7,2,LN,2,LN,238,6,1.8054372072219849,3.4507076740264893,237.63007040001685
gss_adapted,7,3,ZS2,0,MA,1178,126,2.54518723487854,2.613417148590088,220.925638900022
gss_adapted,7,3,ZS2,1,FT,2452,138,2.904137134552002,3.073539018630981,220.925638900022
gss_adapted,7,3,ZS2,2,LN,238,6,2.0021004676818848,3.877589464187622,220.925638900022
gss_adapted,7,3,ZS2,3,ZS2,1043,276,1.0946465730667114,1.0669182538986206,220.925638900022
gss_adapted,7,4,OF,0,MA,1178,126,2.517033338546753,2.406341552734375,190.7816910999827
gss_adapted,7,4,OF,1,FT,2452,138,2.457627058029175,2.6332836151123047,190.7816910999827
gss_adapted,7,4,OF,2,LN,238,6,2.164100408554077,3.344079732894897,190.7816910999827
gss_adapted,7,4,OF,3,ZS2,1043,276,1.2923529148101809,1.2217570543289185,190.7816910999827
gss_adapted,7,4,OF,4,OF,568,28,2.453876495361328,2.004436731338501,190.7816910999827
gss_adapted,7,5,EP0,0,MA,1178,126,2.9274086952209477,2.5836760997772217,198.9016686000396
gss_adapted,7,5,EP0,1,FT,2452,138,2.7499027252197266,2.998549222946167,198.9016686000396
gss_adapted,7,5,EP0,2,LN,238,6,2.5794677734375,3.896949052810669,198.9016686000396
gss_adapted,7,5,EP0,3,ZS2,1043,276,1.3565596342086792,1.3287599086761477,198.9016686000396
gss_adapted,7,5,EP0,4,OF,568,28,2.826870441436768,2.871675491333008,198.9016686000396
gss_adapted,7,5,EP0,5,EP0,556,106,1.7189823389053345,1.7345309257507324,198.9016686000396
gss_adapted,7,6,GL,0,MA,1178,126,2.4092142581939697,2.528416633605957,202.3535627000383
gss_adapted,7,6,GL,1,FT,2452,138,2.4353456497192383,2.520843982696533,202.3535627000383
gss_adapted,7,6,GL,2,LN,238,6,2.3734703063964844,2.945043563842773,202.3535627000383
gss_adapted,7,6,GL,3,ZS2,1043,276,1.4863276481628418,1.4295103549957275,202.3535627000383
gss_adapted,7,6,GL,4,OF,568,28,2.900953769683838,2.5752761363983154,202.3535627000383
gss_adapted,7,6,GL,5,EP0,556,106,1.7391834259033203,1.636901617050171,202.3535627000383
gss_adapted,7,6,GL,6,GL,3050,241,1.819849967956543,1.8106054067611692,202.3535627000383
gss_adapted,7,7,ZS0,0,MA,1178,126,2.565500020980835,2.542868137359619,150.9135038999957
gss_adapted,7,7,ZS0,1,FT,2452,138,2.478113889694214,2.668188095092773,150.9135038999957
gss_adapted,7,7,ZS0,2,LN,238,6,2.4637322425842285,3.429534673690796,150.9135038999957
gss_adapted,7,7,ZS0,3,ZS2,1043,276,1.5631420612335205,1.1347132921218872,150.9135038999957
gss_adapted,7,7,ZS0,4,OF,568,28,2.950141906738281,2.635932922363281,150.9135038999957
gss_adapted,7,7,ZS0,5,EP0,556,106,1.7835581302642822,1.7987515926361084,150.9135038999957
gss_adapted,7,7,ZS0,6,GL,3050,241,2.03623104095459,1.9685243368148804,150.9135038999957
gss_adapted,7,7,ZS0,7,ZS0,1084,2,1.0792137384414673,1.6789546012878418,150.9135038999957
gss_adapted,11,0,MA,0,MA,1178,126,2.532744884490967,2.373590469360352,111.03530729998602
gss_adapted,11,1,FT,0,MA,1178,126,2.7396552562713623,2.6035706996917725,201.13472919998455
gss_adapted,11,1,FT,1,FT,2452,138,2.6124260425567627,2.707334280014038,201.13472919998455
gss_adapted,11,2,LN,0,MA,1178,126,2.752922534942627,2.5038504600524902,151.52848019998055
gss_adapted,11,2,LN,1,FT,2452,138,2.5087320804595947,2.287391901016236,151.52848019998055
gss_adapted,11,2,LN,2,LN,238,6,1.8259704113006592,3.634474515914917,151.52848019998055
gss_adapted,11,3,ZS2,0,MA,1178,126,2.6634461879730225,2.401477575302124,146.9513879000442
gss_adapted,11,3,ZS2,1,FT,2452,138,2.6711249351501465,2.5419909954071045,146.9513879000442
gss_adapted,11,3,ZS2,2,LN,238,6,1.8941458463668823,3.2154366970062256,146.9513879000442
gss_adapted,11,3,ZS2,3,ZS2,1043,276,1.1418256759643557,1.1062650680541992,146.9513879000442
gss_adapted,11,4,OF,0,MA,1178,126,2.6732466220855717,2.29085111618042,148.88444140000502
gss_adapted,11,4,OF,1,FT,2452,138,2.694786071777344,2.707533359527588,148.88444140000502
gss_adapted,11,4,OF,2,LN,238,6,1.8426839113235476,3.625332593917847,148.88444140000502
gss_adapted,11,4,OF,3,ZS2,1043,276,1.1683320999145508,1.128097414970398,148.88444140000502
gss_adapted,11,4,OF,4,OF,568,28,2.532120943069458,2.3787972927093506,148.88444140000502
gss_adapted,11,5,EP0,0,MA,1178,126,2.755256175994873,2.732807874679565,146.12135410000337
gss_adapted,11,5,EP0,1,FT,2452,138,2.8258488178253174,2.6581406593322754,146.12135410000337
gss_adapted,11,5,EP0,2,LN,238,6,2.0976078510284424,3.53961443901062,146.12135410000337
gss_adapted,11,5,EP0,3,ZS2,1043,276,1.324389934539795,1.2910821437835691,146.12135410000337
gss_adapted,11,5,EP0,4,OF,568,28,2.7297170162200928,2.246098279953003,146.12135410000337
gss_adapted,11,5,EP0,5,EP0,556,106,1.65486478805542,1.7396780252456665,146.12135410000337
gss_adapted,11,6,GL,0,MA,1178,126,3.3228371143341064,2.988748073577881,145.15388050000183
gss_adapted,11,6,GL,1,FT,2452,138,3.398130416870117,3.12204647064209,145.15388050000183
gss_adapted,11,6,GL,2,LN,238,6,2.4904093742370605,2.9208028316497803,145.15388050000183
gss_adapted,11,6,GL,3,ZS2,1043,276,1.6201424598693848,1.2508963346481323,145.15388050000183
gss_adapted,11,6,GL,4,OF,568,28,3.1226115226745605,2.497858762741089,145.15388050000183
gss_adapted,11,6,GL,5,EP0,556,106,1.5997949838638306,1.5314961671829224,145.15388050000183
gss_adapted,11,6,GL,6,GL,3050,241,1.870238184928894,1.8139386177062988,145.15388050000183
gss_adapted,11,7,ZS0,0,MA,1178,126,3.652756690979004,3.04259991645813,143.8131625999813
gss_adapted,11,7,ZS0,1,FT,2452,138,3.401696920394897,3.021481275558472,143.8131625999813
gss_adapted,11,7,ZS0,2,LN,238,6,2.843413591384888,3.255587339401245,143.8131625999813
gss_adapted,11,7,ZS0,3,ZS2,1043,276,1.770959973335266,1.25514018535614,143.8131625999813
gss_adapted,11,7,ZS0,4,OF,568,28,3.1006462574005127,2.799344301223755,143.8131625999813
gss_adapted,11,7,ZS0,5,EP0,556,106,2.042170286178589,1.779763102531433,143.8131625999813
gss_adapted,11,7,ZS0,6,GL,3050,241,2.127342700958252,2.117298126220703,143.8131625999813
gss_adapted,11,7,ZS0,7,ZS0,1084,2,1.1371930837631226,1.6248971223831177,143.8131625999813
gss_adapted,23,0,MA,0,MA,1178,126,3.104684829711914,2.707595109939575,72.47371869999915
gss_adapted,23,1,FT,0,MA,1178,126,2.650158405303955,2.6761648654937744,147.39758689998416
gss_adapted,23,1,FT,1,FT,2452,138,3.2682933807373047,3.393759250640869,147.39758689998416
gss_adapted,23,2,LN,0,MA,1178,126,2.675396680831909,2.5603818893432617,152.07146619999548
gss_adapted,23,2,LN,1,FT,2452,138,2.753730535507202,2.769608736038208,152.07146619999548
gss_adapted,23,2,LN,2,LN,238,6,1.849248051643372,3.736369371414185,152.07146619999548
gss_adapted,23,3,ZS2,0,MA,1178,126,2.645334959030152,2.3896257877349854,147.4897503000102
gss_adapted,23,3,ZS2,1,FT,2452,138,2.625530958175659,2.59070897102356,147.4897503000102
gss_adapted,23,3,ZS2,2,LN,238,6,1.910818099975586,3.773246049880981,147.4897503000102
gss_adapted,23,3,ZS2,3,ZS2,1043,276,1.1594884395599363,1.14899742603302,147.4897503000102
gss_adapted,23,4,OF,0,MA,1178,126,2.8296988010406494,2.517596960067749,142.72419269999955
gss_adapted,23,4,OF,1,FT,2452,138,2.7472715377807617,2.9711296558380127,142.72419269999955
gss_adapted,23,4,OF,2,LN,238,6,2.197726011276245,3.4455442428588867,142.72419269999955
gss_adapted,23,4,OF,3,ZS2,1043,276,1.569766640663147,1.3680481910705566,142.72419269999955
gss_adapted,23,4,OF,4,OF,568,28,2.832620143890381,2.6084306240081787,142.72419269999955
gss_adapted,23,5,EP0,0,MA,1178,126,2.9258530139923096,2.608421087265014,140.3054638999747
gss_adapted,23,5,EP0,1,FT,2452,138,2.6028828620910645,2.5893590450286865,140.3054638999747
gss_adapted,23,5,EP0,2,LN,238,6,2.055183887481689,2.9675912857055664,140.3054638999747
gss_adapted,23,5,EP0,3,ZS2,1043,276,1.5393215417861938,1.4217984676361084,140.3054638999747
gss_adapted,23,5,EP0,4,OF,568,28,2.872910499572754,2.551130771636963,140.3054638999747
gss_adapted,23,5,EP0,5,EP0,556,106,1.7524322271347046,1.8686516284942627,140.3054638999747
gss_adapted,23,6,GL,0,MA,1178,126,2.9587173461914062,2.811909437179565,140.53121280000778
gss_adapted,23,6,GL,1,FT,2452,138,2.601036548614502,2.58654522895813,140.53121280000778
gss_adapted,23,6,GL,2,LN,238,6,2.0190885066986084,2.6706950664520264,140.53121280000778
gss_adapted,23,6,GL,3,ZS2,1043,276,1.36241352558136,1.28636372089386,140.53121280000778
gss_adapted,23,6,GL,4,OF,568,28,3.0253453254699707,2.7765963077545166,140.53121280000778
gss_adapted,23,6,GL,5,EP0,556,106,1.6524419784545898,1.6719833612442017,140.53121280000778
gss_adapted,23,6,GL,6,GL,3050,241,1.863382697105408,1.810129165649414,140.53121280000778
gss_adapted,23,7,ZS0,0,MA,1178,126,3.0507235527038574,2.9399406909942627,143.53083900001366
gss_adapted,23,7,ZS0,1,FT,2452,138,2.691340446472168,2.5835063457489014,143.53083900001366
gss_adapted,23,7,ZS0,2,LN,238,6,2.388007402420044,2.9555766582489014,143.53083900001366
gss_adapted,23,7,ZS0,3,ZS2,1043,276,1.3501498699188232,1.1419944763183594,143.53083900001366
gss_adapted,23,7,ZS0,4,OF,568,28,3.486524105072021,2.873481750488281,143.53083900001366
gss_adapted,23,7,ZS0,5,EP0,556,106,1.8081096410751345,1.7999461889266968,143.53083900001366
gss_adapted,23,7,ZS0,6,GL,3050,241,2.085034847259521,1.924819111824036,143.53083900001366
gss_adapted,23,7,ZS0,7,ZS0,1084,2,1.1440104246139526,0.9429209232330322,143.53083900001366
gss_adapted,47,0,MA,0,MA,1178,126,2.802724123001098,2.7466211318969727,65.88591830001678
gss_adapted,47,1,FT,0,MA,1178,126,2.314227104187012,2.381206750869751,119.88566919998266
gss_adapted,47,1,FT,1,FT,2452,138,2.607049465179444,2.524495840072632,119.88566919998266
gss_adapted,47,2,LN,0,MA,1178,126,2.7231030464172363,2.489459991455078,114.83978119998936
gss_adapted,47,2,LN,1,FT,2452,138,2.518887758255005,2.540492534637451,114.83978119998936
gss_adapted,47,2,LN,2,LN,238,6,1.7583461999893188,3.989722013473511,114.83978119998936
gss_adapted,47,3,ZS2,0,MA,1178,126,2.6405587196350098,2.4580495357513428,114.5945561999688
gss_adapted,47,3,ZS2,1,FT,2452,138,2.61102294921875,2.619157075881958,114.5945561999688
gss_adapted,47,3,ZS2,2,LN,238,6,2.0689871311187744,3.972659349441528,114.5945561999688
gss_adapted,47,3,ZS2,3,ZS2,1043,276,1.1346920728683472,1.0340713262557983,114.5945561999688
gss_adapted,47,4,OF,0,MA,1178,126,2.582331418991089,2.3916330337524414,88.5088262000354
gss_adapted,47,4,OF,1,FT,2452,138,2.6509130001068115,2.492579698562622,88.5088262000354
gss_adapted,47,4,OF,2,LN,238,6,2.040855646133423,3.757762908935547,88.5088262000354
gss_adapted,47,4,OF,3,ZS2,1043,276,1.2455617189407349,1.1070094108581543,88.5088262000354
gss_adapted,47,4,OF,4,OF,568,28,2.5548994541168213,1.9030276536941528,88.5088262000354
gss_adapted,47,5,EP0,0,MA,1178,126,2.475353956222534,2.332314968109131,89.52324070001487
gss_adapted,47,5,EP0,1,FT,2452,138,2.550974607467652,2.75081205368042,89.52324070001487
gss_adapted,47,5,EP0,2,LN,238,6,1.9768186807632449,3.792782068252564,89.52324070001487
gss_adapted,47,5,EP0,3,ZS2,1043,276,1.2706620693206787,1.1138771772384644,89.52324070001487
gss_adapted,47,5,EP0,4,OF,568,28,2.768845558166504,2.7305538654327397,89.52324070001487
gss_adapted,47,5,EP0,5,EP0,556,106,1.6512300968170166,1.7469501495361328,89.52324070001487
gss_adapted,47,6,GL,0,MA,1178,126,2.7675626277923584,2.4260144233703613,88.64330009999685
gss_adapted,47,6,GL,1,FT,2452,138,2.8727564811706543,3.0405941009521484,88.64330009999685
gss_adapted,47,6,GL,2,LN,238,6,2.215101718902588,3.26142954826355,88.64330009999685
gss_adapted,47,6,GL,3,ZS2,1043,276,1.9615771770477293,1.6555835008621216,88.64330009999685
gss_adapted,47,6,GL,4,OF,568,28,3.274130582809448,3.10139274597168,88.64330009999685
gss_adapted,47,6,GL,5,EP0,556,106,1.7070417404174805,1.6866440773010254,88.64330009999685
gss_adapted,47,6,GL,6,GL,3050,241,1.8088864088058472,1.7394700050354004,88.64330009999685
gss_adapted,47,7,ZS0,0,MA,1178,126,2.859704971313477,2.439272403717041,88.81225739995716
gss_adapted,47,7,ZS0,1,FT,2452,138,2.849394559860229,3.017741441726685,88.81225739995716
gss_adapted,47,7,ZS0,2,LN,238,6,2.524734735488892,3.652615547180176,88.81225739995716
gss_adapted,47,7,ZS0,3,ZS2,1043,276,2.125190496444702,1.4819087982177734,88.81225739995716
gss_adapted,47,7,ZS0,4,OF,568,28,3.18976092338562,2.965024471282959,88.81225739995716
gss_adapted,47,7,ZS0,5,EP0,556,106,1.825610637664795,2.0644187927246094,88.81225739995716
gss_adapted,47,7,ZS0,6,GL,3050,241,2.0889017581939697,2.0873255729675293,88.81225739995716
gss_adapted,47,7,ZS0,7,ZS0,1084,2,0.9952428340911864,1.2119615077972412,88.81225739995716
cgsm_dual,7,0,MA,0,MA,1178,126,2.5815088748931885,2.5621955394744877,115.92358559998684
cgsm_dual,7,1,FT,0,MA,1178,126,2.712644338607788,2.781259775161743,219.70678019995103
cgsm_dual,7,1,FT,1,FT,2452,138,2.5766727924346924,2.684539794921875,219.70678019995103
cgsm_dual,7,2,LN,0,MA,1178,126,2.4366161823272705,2.353179454803467,234.94671910000037
cgsm_dual,7,2,LN,1,FT,2452,138,2.4705605506896973,2.5710220336914062,234.94671910000037
cgsm_dual,7,2,LN,2,LN,238,6,1.716852784156799,3.458247184753418,234.94671910000037
cgsm_dual,7,3,ZS2,0,MA,1178,126,2.336371421813965,2.1753530502319336,220.95559150003828
cgsm_dual,7,3,ZS2,1,FT,2452,138,2.422330141067505,2.4401838779449463,220.95559150003828
cgsm_dual,7,3,ZS2,2,LN,238,6,1.866639256477356,3.655096054077149,220.95559150003828
cgsm_dual,7,3,ZS2,3,ZS2,1043,276,1.1234880685806274,1.112926959991455,220.95559150003828
cgsm_dual,7,4,OF,0,MA,1178,126,2.43202543258667,2.323479175567627,190.64230919996044
cgsm_dual,7,4,OF,1,FT,2452,138,2.656520128250122,2.6762771606445312,190.64230919996044
cgsm_dual,7,4,OF,2,LN,238,6,2.0766725540161133,3.2920897006988525,190.64230919996044
cgsm_dual,7,4,OF,3,ZS2,1043,276,1.2164371013641355,1.0475364923477173,190.64230919996044
cgsm_dual,7,4,OF,4,OF,568,28,2.515826940536499,1.9857044219970703,190.64230919996044
cgsm_dual,7,5,EP0,0,MA,1178,126,2.314816236495972,2.226245403289795,197.0009045000188
cgsm_dual,7,5,EP0,1,FT,2452,138,2.410536289215088,2.355149745941162,197.0009045000188
cgsm_dual,7,5,EP0,2,LN,238,6,1.8833715915679927,3.569443464279175,197.0009045000188
cgsm_dual,7,5,EP0,3,ZS2,1043,276,1.2441953420639038,1.105215072631836,197.0009045000188
cgsm_dual,7,5,EP0,4,OF,568,28,2.97851037979126,3.097832441329956,197.0009045000188
cgsm_dual,7,5,EP0,5,EP0,556,106,1.612067937850952,1.6715233325958252,197.0009045000188
cgsm_dual,7,6,GL,0,MA,1178,126,2.3489906787872314,2.280923128128052,201.67934580001747
cgsm_dual,7,6,GL,1,FT,2452,138,2.530961751937866,2.4215121269226074,201.67934580001747
cgsm_dual,7,6,GL,2,LN,238,6,2.008749485015869,3.406200170516968,201.67934580001747
cgsm_dual,7,6,GL,3,ZS2,1043,276,1.4030139446258545,1.121829628944397,201.67934580001747
cgsm_dual,7,6,GL,4,OF,568,28,3.2197515964508057,2.096730709075928,201.67934580001747
cgsm_dual,7,6,GL,5,EP0,556,106,1.6037402153015137,1.6522294282913208,201.67934580001747
cgsm_dual,7,6,GL,6,GL,3050,241,1.706696629524231,1.6975247859954834,201.67934580001747
cgsm_dual,7,7,ZS0,0,MA,1178,126,2.482033491134644,2.3921046257019043,150.8949340999825
cgsm_dual,7,7,ZS0,1,FT,2452,138,2.7046444416046143,2.5679807662963867,150.8949340999825
cgsm_dual,7,7,ZS0,2,LN,238,6,2.329139709472656,3.044843435287476,150.8949340999825
cgsm_dual,7,7,ZS0,3,ZS2,1043,276,1.6957441568374634,1.327162504196167,150.8949340999825
cgsm_dual,7,7,ZS0,4,OF,568,28,3.4081673622131348,2.6549572944641118,150.8949340999825
cgsm_dual,7,7,ZS0,5,EP0,556,106,1.6679465770721436,1.7494429349899292,150.8949340999825
cgsm_dual,7,7,ZS0,6,GL,3050,241,2.1006293296813965,2.027190685272217,150.8949340999825
cgsm_dual,7,7,ZS0,7,ZS0,1084,2,0.9992188215255736,1.1061925888061523,150.8949340999825
cgsm_dual,11,0,MA,0,MA,1178,126,2.532744884490967,2.373590469360352,73.03847150004003
cgsm_dual,11,1,FT,0,MA,1178,126,2.45508360862732,2.444164037704468,150.70088950003264
cgsm_dual,11,1,FT,1,FT,2452,138,2.567811250686645,2.719294786453247,150.70088950003264
cgsm_dual,11,2,LN,0,MA,1178,126,3.050713062286377,2.5022687911987305,146.2263702999917
cgsm_dual,11,2,LN,1,FT,2452,138,2.597796678543091,2.56611967086792,146.2263702999917
cgsm_dual,11,2,LN,2,LN,238,6,1.8493741750717163,3.665191888809204,146.2263702999917
cgsm_dual,11,3,ZS2,0,MA,1178,126,2.8849356174468994,2.522369384765625,146.312408400001
cgsm_dual,11,3,ZS2,1,FT,2452,138,2.7358949184417725,2.5899693965911865,146.312408400001
cgsm_dual,11,3,ZS2,2,LN,238,6,2.1213269233703613,3.967094421386719,146.312408400001
cgsm_dual,11,3,ZS2,3,ZS2,1043,276,1.116288423538208,1.091888427734375,146.312408400001
cgsm_dual,11,4,OF,0,MA,1178,126,2.773255586624145,2.51478123664856,147.160317700007
cgsm_dual,11,4,OF,1,FT,2452,138,2.7894623279571533,2.7145814895629883,147.160317700007
cgsm_dual,11,4,OF,2,LN,238,6,2.4000675678253174,4.047566890716553,147.160317700007
cgsm_dual,11,4,OF,3,ZS2,1043,276,1.6292166709899902,1.584216594696045,147.160317700007
cgsm_dual,11,4,OF,4,OF,568,28,2.894683122634888,2.2237536907196045,147.160317700007
cgsm_dual,11,5,EP0,0,MA,1178,126,3.282790184020996,3.129016399383545,142.86853300000075
cgsm_dual,11,5,EP0,1,FT,2452,138,2.903353691101074,2.684513092041016,142.86853300000075
cgsm_dual,11,5,EP0,2,LN,238,6,2.2303996086120605,4.20044469833374,142.86853300000075
cgsm_dual,11,5,EP0,3,ZS2,1043,276,1.480831742286682,1.1487648487091064,142.86853300000075
cgsm_dual,11,5,EP0,4,OF,568,28,2.9281322956085205,1.8817631006240845,142.86853300000075
cgsm_dual,11,5,EP0,5,EP0,556,106,1.5900189876556396,1.6334376335144043,142.86853300000075
cgsm_dual,11,6,GL,0,MA,1178,126,2.990022659301758,2.7303407192230225,152.2578370999545
cgsm_dual,11,6,GL,1,FT,2452,138,2.7273271083831787,2.596844434738159,152.2578370999545
cgsm_dual,11,6,GL,2,LN,238,6,2.4141781330108643,3.199578285217285,152.2578370999545
cgsm_dual,11,6,GL,3,ZS2,1043,276,2.0028553009033203,1.4272851943969729,152.2578370999545
cgsm_dual,11,6,GL,4,OF,568,28,3.1033923625946045,2.1703288555145264,152.2578370999545
cgsm_dual,11,6,GL,5,EP0,556,106,1.6121580600738523,1.6053305864334106,152.2578370999545
cgsm_dual,11,6,GL,6,GL,3050,241,1.7327487468719482,1.6657005548477173,152.2578370999545
cgsm_dual,11,7,ZS0,0,MA,1178,126,2.747457981109619,2.6612138748168945,146.91024509997806
cgsm_dual,11,7,ZS0,1,FT,2452,138,2.9033360481262207,2.6614911556243896,146.91024509997806
cgsm_dual,11,7,ZS0,2,LN,238,6,2.538266897201538,3.912927627563477,146.91024509997806
cgsm_dual,11,7,ZS0,3,ZS2,1043,276,2.056560039520264,1.4488742351531982,146.91024509997806
cgsm_dual,11,7,ZS0,4,OF,568,28,3.256767988204956,2.098864793777466,146.91024509997806
cgsm_dual,11,7,ZS0,5,EP0,556,106,1.6990514993667605,1.7722722291946411,146.91024509997806
cgsm_dual,11,7,ZS0,6,GL,3050,241,2.191128969192505,2.1208887100219727,146.91024509997806
cgsm_dual,11,7,ZS0,7,ZS0,1084,2,1.1387614011764526,1.9882586002349851,146.91024509997806
cgsm_dual,23,0,MA,0,MA,1178,126,3.104684829711914,2.707595109939575,70.10951740003657
cgsm_dual,23,1,FT,0,MA,1178,126,2.6744463443756104,2.5930380821228027,151.90955979999853
cgsm_dual,23,1,FT,1,FT,2452,138,2.767486810684204,2.764454126358032,151.90955979999853
cgsm_dual,23,2,LN,0,MA,1178,126,2.8059237003326416,2.5977892875671387,149.0248490999802
cgsm_dual,23,2,LN,1,FT,2452,138,3.016889810562134,2.935253143310547,149.0248490999802
cgsm_dual,23,2,LN,2,LN,238,6,2.0711545944213867,3.62765383720398,149.0248490999802
cgsm_dual,23,3,ZS2,0,MA,1178,126,3.0764222145080566,2.71936559677124,138.70503010001266
cgsm_dual,23,3,ZS2,1,FT,2452,138,2.772889375686645,2.5474469661712646,138.70503010001266
cgsm_dual,23,3,ZS2,2,LN,238,6,2.0376572608947754,3.491480827331543,138.70503010001266
cgsm_dual,23,3,ZS2,3,ZS2,1043,276,1.134902000427246,1.131789207458496,138.70503010001266
cgsm_dual,23,4,OF,0,MA,1178,126,3.094050645828247,2.8562166690826416,141.63129009999102
cgsm_dual,23,4,OF,1,FT,2452,138,2.802695751190185,2.69571304321289,141.63129009999102
cgsm_dual,23,4,OF,2,LN,238,6,1.863791346549988,3.2151927947998047,141.63129009999102
cgsm_dual,23,4,OF,3,ZS2,1043,276,1.3718783855438232,1.3201645612716677,141.63129009999102
cgsm_dual,23,4,OF,4,OF,568,28,2.67396879196167,2.346276998519897,141.63129009999102
cgsm_dual,23,5,EP0,0,MA,1178,126,2.9337751865386963,2.610090732574463,141.07101989997318
cgsm_dual,23,5,EP0,1,FT,2452,138,2.627851724624634,2.52885365486145,141.07101989997318
cgsm_dual,23,5,EP0,2,LN,238,6,1.9208635091781616,3.0988826751708984,141.07101989997318
cgsm_dual,23,5,EP0,3,ZS2,1043,276,1.566362977027893,1.471413016319275,141.07101989997318
cgsm_dual,23,5,EP0,4,OF,568,28,2.853634119033813,1.94998300075531,141.07101989997318
cgsm_dual,23,5,EP0,5,EP0,556,106,1.6731867790222168,1.795433759689331,141.07101989997318
cgsm_dual,23,6,GL,0,MA,1178,126,2.790663242340088,2.6894657611846924,141.3278174000443
cgsm_dual,23,6,GL,1,FT,2452,138,2.669020652770996,2.4176018238067627,141.3278174000443
cgsm_dual,23,6,GL,2,LN,238,6,2.195231914520264,3.1046597957611084,141.3278174000443
cgsm_dual,23,6,GL,3,ZS2,1043,276,1.5018315315246582,1.2264710664749146,141.3278174000443
cgsm_dual,23,6,GL,4,OF,568,28,3.1890103816986084,1.9738967418670652,141.3278174000443
cgsm_dual,23,6,GL,5,EP0,556,106,1.691528558731079,1.7467082738876345,141.3278174000443
cgsm_dual,23,6,GL,6,GL,3050,241,1.7791800498962402,1.7692729234695437,141.3278174000443
cgsm_dual,23,7,ZS0,0,MA,1178,126,2.713248014450073,2.6477081775665283,136.05896609998308
cgsm_dual,23,7,ZS0,1,FT,2452,138,2.944487333297729,2.763063669204712,136.05896609998308
cgsm_dual,23,7,ZS0,2,LN,238,6,2.305807113647461,3.1549947261810303,136.05896609998308
cgsm_dual,23,7,ZS0,3,ZS2,1043,276,1.548121452331543,1.1268230676651,136.05896609998308
cgsm_dual,23,7,ZS0,4,OF,568,28,3.128143787384033,2.337162733078003,136.05896609998308
cgsm_dual,23,7,ZS0,5,EP0,556,106,1.792261838912964,1.8087389469146729,136.05896609998308
cgsm_dual,23,7,ZS0,6,GL,3050,241,1.991127014160156,1.9138346910476685,136.05896609998308
cgsm_dual,23,7,ZS0,7,ZS0,1084,2,0.9975070357322692,1.635324478149414,136.05896609998308
cgsm_dual,47,0,MA,0,MA,1178,126,2.802724123001098,2.7466211318969727,66.45031119999476
cgsm_dual,47,1,FT,0,MA,1178,126,2.463966131210327,2.5821402072906494,116.82966410001973
cgsm_dual,47,1,FT,1,FT,2452,138,2.7102692127227783,2.5200355052948,116.82966410001973
cgsm_dual,47,2,LN,0,MA,1178,126,2.6418240070343018,2.43944787979126,114.8895300999866
cgsm_dual,47,2,LN,1,FT,2452,138,2.946084499359131,2.6018946170806885,114.8895300999866
cgsm_dual,47,2,LN,2,LN,238,6,1.7457411289215088,4.105403900146484,114.8895300999866
cgsm_dual,47,3,ZS2,0,MA,1178,126,2.5268497467041016,2.4887874126434326,112.4466245000367
cgsm_dual,47,3,ZS2,1,FT,2452,138,2.6904866695404053,2.4503424167633057,112.4466245000367
cgsm_dual,47,3,ZS2,2,LN,238,6,1.8415815830230715,3.750628709793091,112.4466245000367
cgsm_dual,47,3,ZS2,3,ZS2,1043,276,1.1112302541732788,1.0017635822296145,112.4466245000367
cgsm_dual,47,4,OF,0,MA,1178,126,2.4806604385375977,2.621593475341797,88.37134040001547
cgsm_dual,47,4,OF,1,FT,2452,138,2.51503586769104,2.8003158569335938,88.37134040001547
cgsm_dual,47,4,OF,2,LN,238,6,2.049654722213745,3.386021375656128,88.37134040001547
cgsm_dual,47,4,OF,3,ZS2,1043,276,1.2930328845977783,1.1737241744995115,88.37134040001547
cgsm_dual,47,4,OF,4,OF,568,28,2.580479621887207,2.126481771469116,88.37134040001547
cgsm_dual,47,5,EP0,0,MA,1178,126,2.560758590698242,2.487780332565308,89.53816649998771
cgsm_dual,47,5,EP0,1,FT,2452,138,2.6504311561584477,2.892914295196533,89.53816649998771
cgsm_dual,47,5,EP0,2,LN,238,6,2.276883363723755,3.376041412353516,89.53816649998771
cgsm_dual,47,5,EP0,3,ZS2,1043,276,1.49718177318573,1.474199652671814,89.53816649998771
cgsm_dual,47,5,EP0,4,OF,568,28,2.7527999877929688,2.1101670265197754,89.53816649998771
cgsm_dual,47,5,EP0,5,EP0,556,106,1.5994932651519775,1.6611801385879517,89.53816649998771
cgsm_dual,47,6,GL,0,MA,1178,126,2.5807130336761475,2.709285259246826,88.39668750000419
cgsm_dual,47,6,GL,1,FT,2452,138,2.5470216274261475,2.721738576889038,88.39668750000419
cgsm_dual,47,6,GL,2,LN,238,6,2.125360012054444,3.062227964401245,88.39668750000419
cgsm_dual,47,6,GL,3,ZS2,1043,276,1.400657296180725,1.298216462135315,88.39668750000419
cgsm_dual,47,6,GL,4,OF,568,28,2.991758346557617,2.390044450759888,88.39668750000419
cgsm_dual,47,6,GL,5,EP0,556,106,1.900860071182251,1.931148886680603,88.39668750000419
cgsm_dual,47,6,GL,6,GL,3050,241,2.004246950149536,1.9850932359695437,88.39668750000419
cgsm_dual,47,7,ZS0,0,MA,1178,126,2.477937698364258,2.5024211406707764,88.61435809999239
cgsm_dual,47,7,ZS0,1,FT,2452,138,2.475170850753784,2.584038257598877,88.61435809999239
cgsm_dual,47,7,ZS0,2,LN,238,6,2.1978323459625244,3.011042594909668,88.61435809999239
cgsm_dual,47,7,ZS0,3,ZS2,1043,276,1.6737838983535769,1.1524001359939575,88.61435809999239
cgsm_dual,47,7,ZS0,4,OF,568,28,2.9785289764404297,2.418330430984497,88.61435809999239
cgsm_dual,47,7,ZS0,5,EP0,556,106,2.2334771156311035,2.412257194519043,88.61435809999239
cgsm_dual,47,7,ZS0,6,GL,3050,241,2.1961958408355717,2.0528664588928223,88.61435809999239
cgsm_dual,47,7,ZS0,7,ZS0,1084,2,1.0354536771774292,1.455458402633667,88.61435809999239
