method,seed,task,historical,n,cpa_n,initial_fde,final_fde,initial_cpa_fde,final_cpa_fde,ordinary_forgetting,cpa_forgetting,gap
finetune,7,MA,True,1178,126,2.5815088748931885,4.8805131912231445,2.5621955394744877,3.8355460166931152,2.299004316329956,1.2733504772186275,-1.0256538391113286
finetune,7,FT,True,2452,138,2.81719970703125,4.193780899047852,2.9266061782836914,4.480501651763916,1.3765811920166016,1.5538954734802246,0.17731428146362305
finetune,7,LN,True,238,6,1.945441961288452,4.239777565002441,3.995539426803589,4.648622035980225,2.2943356037139893,0.6530826091766357,-1.6412529945373535
finetune,7,ZS2,True,1043,276,1.149548888206482,3.333387851715088,1.0705054998397827,1.779370903968811,2.183838963508606,0.7088654041290283,-1.4749735593795776
finetune,7,OF,True,568,28,2.967876672744751,5.739783763885498,1.8088243007659912,5.86688232421875,2.771907091140747,4.058058023452759,1.2861509323120117
finetune,7,EP0,True,556,106,1.5149585008621216,2.2313029766082764,1.672168254852295,2.4014370441436768,0.7163444757461548,0.7292687892913818,0.01292431354522705
finetune,7,GL,True,3050,241,1.8161498308181765,2.954612493515014,1.8433061838150024,2.790874719619751,1.1384626626968377,0.9475685358047485,-0.19089412689208918
finetune,7,ZS0,False,1084,2,1.027987718582153,1.027987718582153,1.3364540338516235,1.3364540338516235,0.0,0.0,0.0
finetune,11,MA,True,1178,126,2.532744884490967,5.0892839431762695,2.373590469360352,3.871718168258667,2.5565390586853027,1.498127698898315,-1.0584113597869877
finetune,11,FT,True,2452,138,2.5307986736297607,4.241931915283203,2.7044336795806885,4.315678119659424,1.7111332416534424,1.6112444400787354,-0.09988880157470703
finetune,11,LN,True,238,6,2.192984104156494,3.853135108947754,3.5076122283935547,4.889602184295654,1.6601510047912598,1.3819899559020996,-0.27816104888916016
finetune,11,ZS2,True,1043,276,1.1332796812057495,4.145412445068359,1.1382337808609009,2.1397647857666016,3.01213276386261,1.0015310049057007,-2.010601758956909
finetune,11,OF,True,568,28,2.527195930480957,5.529563426971436,2.059464454650879,5.759464263916016,3.0023674964904794,3.6999998092651367,0.6976323127746573
finetune,11,EP0,True,556,106,1.684051513671875,2.420499563217163,1.7899000644683838,2.2894110679626465,0.7364480495452881,0.4995110034942627,-0.2369370460510254
finetune,11,GL,True,3050,241,1.9895248413085935,3.1725454330444336,1.9594091176986692,3.17590856552124,1.18302059173584,1.2164994478225706,0.03347885608673051
finetune,11,ZS0,False,1084,2,1.0418004989624023,1.0418004989624023,1.7187577486038208,1.7187577486038208,0.0,0.0,0.0
finetune,23,MA,True,1178,126,3.104684829711914,4.623549938201904,2.707595109939575,3.665851831436157,1.5188651084899902,0.9582567214965816,-0.5606083869934086
finetune,23,FT,True,2452,138,2.7885100841522217,3.993705749511719,3.075119733810425,4.223348140716553,1.2051956653594975,1.148228406906128,-0.056967258453369585
finetune,23,LN,True,238,6,2.4438586235046387,3.591890573501587,4.52538537979126,3.791973114013672,1.1480319499969482,-0.7334122657775879,-1.8814442157745361
finetune,23,ZS2,True,1043,276,1.1117537021636963,2.950511932373047,1.113750457763672,1.6858080625534058,1.8387582302093506,0.5720576047897337,-1.266700625419617
finetune,23,OF,True,568,28,2.966773271560669,5.767907619476318,2.42890739440918,6.189361095428467,2.8011343479156494,3.7604537010192867,0.9593193531036373
finetune,23,EP0,True,556,106,1.6693099737167358,2.210325002670288,1.7973250150680542,2.230110883712769,0.5410150289535522,0.4327858686447148,-0.10822916030883745
finetune,23,GL,True,3050,241,1.9153759479522705,3.0408952236175537,1.869713544845581,3.0565905570983887,1.1255192756652832,1.1868770122528076,0.061357736587524414
finetune,23,ZS0,False,1084,2,1.0164179801940918,1.0164179801940918,1.4831886291503906,1.4831886291503906,0.0,0.0,0.0
finetune,47,MA,True,1178,126,2.802724123001098,4.994956970214844,2.7466211318969727,3.921848773956299,2.1922328472137456,1.1752276420593262,-1.0170052051544194
finetune,47,FT,True,2452,138,2.5089540481567383,4.190446376800537,2.553016901016236,4.203915596008301,1.6814923286437988,1.650898694992065,-0.030593633651733843
finetune,47,LN,True,238,6,1.5663762092590332,3.8710665702819824,3.455521821975708,4.170077800750732,2.304690361022949,0.7145559787750244,-1.5901343822479248
finetune,47,ZS2,True,1043,276,1.021071195602417,3.317470073699951,0.9652701020240784,1.7890154123306274,2.296398878097534,0.8237453103065491,-1.472653567790985
finetune,47,OF,True,568,28,2.510364055633545,5.9497833251953125,1.6815474033355713,6.302407741546631,3.4394192695617676,4.62086033821106,1.181441068649292
finetune,47,EP0,True,556,106,2.0127997398376465,2.355691432952881,1.8641552925109863,2.153003692626953,0.3428916931152344,0.2888484001159668,-0.05404329299926758
finetune,47,GL,True,3050,241,1.822553753852844,3.1368212699890137,1.79883873462677,3.042423248291016,1.3142675161361697,1.243584513664246,-0.0706830024719236
finetune,47,ZS0,False,1084,2,0.9496917128562928,0.9496917128562928,0.933979332447052,0.933979332447052,0.0,0.0,0.0
reservoir,7,MA,True,1178,126,2.5815088748931885,2.354299783706665,2.5621955394744877,2.718644380569458,-0.22720909118652344,0.15644884109497026,0.3836579322814937
reservoir,7,FT,True,2452,138,2.5081896781921387,2.630788564682007,2.703092098236084,2.842081308364868,0.12259888648986816,0.13898921012878418,0.016390323638916016
reservoir,7,LN,True,238,6,1.915805101394653,1.9293954372406008,3.685818672180176,3.00886607170105,0.01359033584594771,-0.676952600479126,-0.6905429363250737
reservoir,7,ZS2,True,1043,276,1.220252275466919,1.1755424737930298,1.2664445638656616,0.9839354753494264,-0.04470980167388916,-0.28250908851623524,-0.23779928684234608
reservoir,7,OF,True,568,28,2.592614889144897,3.208456039428711,2.16196608543396,3.247082233428955,0.6158411502838139,1.0851161479949951,0.4692749977111812
reservoir,7,EP0,True,556,106,1.5600614547729492,2.2119927406311035,1.607651948928833,2.176790952682495,0.6519312858581543,0.5691390037536621,-0.08279228210449219
reservoir,7,GL,True,3050,241,1.7309476137161257,1.8997477293014529,1.7421852350234983,1.992270827293396,0.16880011558532715,0.2500855922698977,0.08128547668457053
reservoir,7,ZS0,False,1084,2,1.0037647485733032,1.0037647485733032,1.1392534971237185,1.1392534971237185,0.0,0.0,0.0
reservoir,11,MA,True,1178,126,2.532744884490967,2.6784510612487797,2.373590469360352,2.7404699325561523,0.14570617675781294,0.36687946319580034,0.2211732864379874
reservoir,11,FT,True,2452,138,2.673423767089844,2.60918402671814,2.6327500343322754,2.5869739055633545,-0.0642397403717041,-0.0457761287689209,0.018463611602783203
reservoir,11,LN,True,238,6,1.778335452079773,2.0158262252807617,3.499587059020996,3.8092315196990967,0.23749077320098877,0.3096444606781006,0.07215368747711182
reservoir,11,ZS2,True,1043,276,1.110698938369751,1.366776466369629,1.0794137716293335,1.2164340019226074,0.25607752799987793,0.13702023029327393,-0.119057297706604
reservoir,11,OF,True,568,28,2.62650728225708,3.4479799270629883,2.188490629196167,3.310847759246826,0.8214726448059082,1.1223571300506592,0.300884485244751
reservoir,11,EP0,True,556,106,1.7890158891677856,1.831301212310791,1.7619364261627195,1.7002842426300049,0.04228532314300537,-0.06165218353271462,-0.10393750667571999
reservoir,11,GL,True,3050,241,1.767630100250244,2.060593843460083,1.7114341259002686,2.038062572479248,0.2929637432098391,0.3266284465789795,0.0336647033691404
reservoir,11,ZS0,False,1084,2,1.1694244146347046,1.1694244146347046,1.6616246700286863,1.6616246700286863,0.0,0.0,0.0
reservoir,23,MA,True,1178,126,3.104684829711914,2.6797823905944824,2.707595109939575,2.633305549621582,-0.42490243911743164,-0.07428956031799316,0.3506128787994385
reservoir,23,FT,True,2452,138,3.0198895931243896,2.6281192302703857,3.2012650966644287,2.6596360206604004,-0.3917703628540039,-0.5416290760040283,-0.14985871315002441
reservoir,23,LN,True,238,6,1.964933037757873,2.241377830505371,4.000979900360107,3.3361294269561768,0.276444792747498,-0.6648504734039307,-0.9412952661514287
reservoir,23,ZS2,True,1043,276,1.355107665061951,1.1754590272903442,1.3733367919921875,1.033856987953186,-0.17964863777160667,-0.33947980403900146,-0.1598311662673948
reservoir,23,OF,True,568,28,2.643516540527344,3.195368766784668,2.312650680541992,3.39548134803772,0.5518522262573238,1.082830667495728,0.5309784412384042
reservoir,23,EP0,True,556,106,1.7592910528182983,1.863495111465454,1.7666703462600708,1.866206169128418,0.10420405864715576,0.09953582286834717,-0.004668235778808594
reservoir,23,GL,True,3050,241,2.11423134803772,2.32816481590271,2.197115182876587,2.42249608039856,0.2139334678649898,0.2253808975219731,0.01144742965698331
reservoir,23,ZS0,False,1084,2,0.9908292889595032,0.9908292889595032,1.115329027175903,1.115329027175903,0.0,0.0,0.0
reservoir,47,MA,True,1178,126,2.802724123001098,2.515026569366455,2.7466211318969727,2.4628102779388428,-0.2876975536346431,-0.2838108539581299,0.003886699676513228
reservoir,47,FT,True,2452,138,2.480949640274048,3.002798080444336,2.377173900604248,3.134577989578247,0.5218484401702881,0.757404088973999,0.23555564880371094
reservoir,47,LN,True,238,6,1.7934606075286863,2.046172857284546,3.752595186233521,2.882223129272461,0.2527122497558596,-0.87037205696106,-1.1230843067169196
reservoir,47,ZS2,True,1043,276,1.227352738380432,1.302067518234253,1.1287683248519895,1.302703857421875,0.07471477985382102,0.17393553256988548,0.09922075271606445
reservoir,47,OF,True,568,28,2.7423288822174072,3.2447996139526367,2.496206998825073,2.852909803390503,0.5024707317352295,0.35670280456543013,-0.14576792716979936
reservoir,47,EP0,True,556,106,1.6648802757263184,1.9225025177001955,1.763363242149353,1.8792904615402224,0.2576222419738772,0.11592721939086936,-0.1416950225830078
reservoir,47,GL,True,3050,241,1.8826349973678589,1.9934605360031128,1.8479571342468264,1.9239366054534912,0.1108255386352539,0.07597947120666482,-0.03484606742858909
reservoir,47,ZS0,False,1084,2,1.0931522846221924,1.0931522846221924,0.7922317981719971,0.7922317981719971,0.0,0.0,0.0
gss_adapted,7,MA,True,1178,126,2.5815088748931885,2.565500020980835,2.5621955394744877,2.542868137359619,-0.016008853912353516,-0.019327402114868608,-0.0033185482025150925
gss_adapted,7,FT,True,2452,138,2.658212900161743,2.478113889694214,2.784075736999512,2.668188095092773,-0.1800990104675293,-0.11588764190673917,0.06421136856079013
gss_adapted,7,LN,True,238,6,1.8054372072219849,2.4637322425842285,3.4507076740264893,3.429534673690796,0.6582950353622437,-0.02117300033569336,-0.679468035697937
gss_adapted,7,ZS2,True,1043,276,1.0946465730667114,1.5631420612335205,1.0669182538986206,1.1347132921218872,0.4684954881668091,0.0677950382232666,-0.4007004499435425
gss_adapted,7,OF,True,568,28,2.453876495361328,2.950141906738281,2.004436731338501,2.635932922363281,0.4962654113769527,0.6314961910247798,0.13523077964782715
gss_adapted,7,EP0,True,556,106,1.7189823389053345,1.7835581302642822,1.7345309257507324,1.7987515926361084,0.06457579135894775,0.06422066688537598,-0.00035512447357177734
gss_adapted,7,GL,True,3050,241,1.819849967956543,2.03623104095459,1.8106054067611692,1.9685243368148804,0.21638107299804688,0.15791893005371116,-0.058462142944335715
gss_adapted,7,ZS0,False,1084,2,1.0792137384414673,1.0792137384414673,1.6789546012878418,1.6789546012878418,0.0,0.0,0.0
gss_adapted,11,MA,True,1178,126,2.532744884490967,3.652756690979004,2.373590469360352,3.04259991645813,1.120011806488037,0.6690094470977779,-0.45100235939025923
gss_adapted,11,FT,True,2452,138,2.6124260425567627,3.401696920394897,2.707334280014038,3.021481275558472,0.7892708778381343,0.31414699554443404,-0.4751238822937003
gss_adapted,11,LN,True,238,6,1.8259704113006592,2.843413591384888,3.634474515914917,3.255587339401245,1.017443180084229,-0.3788871765136719,-1.3963303565979008
gss_adapted,11,ZS2,True,1043,276,1.1418256759643557,1.770959973335266,1.1062650680541992,1.25514018535614,0.6291342973709102,0.1488751173019407,-0.4802591800689695
gss_adapted,11,OF,True,568,28,2.532120943069458,3.1006462574005127,2.3787972927093506,2.799344301223755,0.5685253143310547,0.4205470085144043,-0.1479783058166504
gss_adapted,11,EP0,True,556,106,1.65486478805542,2.042170286178589,1.7396780252456665,1.779763102531433,0.38730549812316895,0.0400850772857666,-0.34722042083740234
gss_adapted,11,GL,True,3050,241,1.870238184928894,2.127342700958252,1.8139386177062988,2.117298126220703,0.2571045160293579,0.3033595085144043,0.04625499248504639
gss_adapted,11,ZS0,False,1084,2,1.1371930837631226,1.1371930837631226,1.6248971223831177,1.6248971223831177,0.0,0.0,0.0
gss_adapted,23,MA,True,1178,126,3.104684829711914,3.0507235527038574,2.707595109939575,2.9399406909942627,-0.05396127700805664,0.2323455810546875,0.28630685806274414
gss_adapted,23,FT,True,2452,138,3.2682933807373047,2.691340446472168,3.393759250640869,2.5835063457489014,-0.5769529342651367,-0.8102529048919678,-0.23329997062683105
gss_adapted,23,LN,True,238,6,1.849248051643372,2.388007402420044,3.736369371414185,2.9555766582489014,0.5387593507766719,-0.7807927131652836,-1.3195520639419556
gss_adapted,23,ZS2,True,1043,276,1.1594884395599363,1.3501498699188232,1.14899742603302,1.1419944763183594,0.19066143035888694,-0.0070029497146606445,-0.19766438007354759
gss_adapted,23,OF,True,568,28,2.832620143890381,3.486524105072021,2.6084306240081787,2.873481750488281,0.6539039611816402,0.2650511264801021,-0.3888528347015381
gss_adapted,23,EP0,True,556,106,1.7524322271347046,1.8081096410751345,1.8686516284942627,1.7999461889266968,0.05567741394042991,-0.06870543956756592,-0.12438285350799583
gss_adapted,23,GL,True,3050,241,1.863382697105408,2.085034847259521,1.810129165649414,1.924819111824036,0.2216521501541131,0.11468994617462203,-0.10696220397949108
gss_adapted,23,ZS0,False,1084,2,1.1440104246139526,1.1440104246139526,0.9429209232330322,0.9429209232330322,0.0,0.0,0.0
gss_adapted,47,MA,True,1178,126,2.802724123001098,2.859704971313477,2.7466211318969727,2.439272403717041,0.05698084831237882,-0.30734872817993164,-0.36432957649231046
gss_adapted,47,FT,True,2452,138,2.607049465179444,2.849394559860229,2.524495840072632,3.017741441726685,0.24234509468078524,0.4932456016540532,0.25090050697326793
gss_adapted,47,LN,True,238,6,1.7583461999893188,2.524734735488892,3.989722013473511,3.652615547180176,0.7663885354995732,-0.3371064662933354,-1.1034950017929086
gss_adapted,47,ZS2,True,1043,276,1.1346920728683472,2.125190496444702,1.0340713262557983,1.4819087982177734,0.990498423576355,0.4478374719619751,-0.5426609516143799
gss_adapted,47,OF,True,568,28,2.5548994541168213,3.18976092338562,1.9030276536941528,2.965024471282959,0.6348614692687988,1.0619968175888062,0.4271353483200073
gss_adapted,47,EP0,True,556,106,1.6512300968170166,1.825610637664795,1.7469501495361328,2.0644187927246094,0.17438054084777832,0.31746864318847656,0.14308810234069824
gss_adapted,47,GL,True,3050,241,1.8088864088058472,2.0889017581939697,1.7394700050354004,2.0873255729675293,0.28001534938812256,0.3478555679321289,0.06784021854400635
gss_adapted,47,ZS0,False,1084,2,0.9952428340911864,0.9952428340911864,1.2119615077972412,1.2119615077972412,0.0,0.0,0.0
cgsm_dual,7,MA,True,1178,126,2.5815088748931885,2.482033491134644,2.5621955394744877,2.3921046257019043,-0.09947538375854448,-0.17009091377258345,-0.07061553001403897
cgsm_dual,7,FT,True,2452,138,2.5766727924346924,2.7046444416046143,2.684539794921875,2.5679807662963867,0.12797164916992188,-0.11655902862548828,-0.24453067779541016
cgsm_dual,7,LN,True,238,6,1.716852784156799,2.329139709472656,3.458247184753418,3.044843435287476,0.6122869253158567,-0.41340374946594194,-1.0256906747817987
cgsm_dual,7,ZS2,True,1043,276,1.1234880685806274,1.6957441568374634,1.112926959991455,1.327162504196167,0.5722560882568359,0.21423554420471191,-0.358020544052124
cgsm_dual,7,OF,True,568,28,2.515826940536499,3.4081673622131348,1.9857044219970703,2.6549572944641118,0.8923404216766357,0.6692528724670415,-0.22308754920959428
cgsm_dual,7,EP0,True,556,106,1.612067937850952,1.6679465770721436,1.6715233325958252,1.7494429349899292,0.05587863922119163,0.077919602394104,0.022040963172912376
cgsm_dual,7,GL,True,3050,241,1.706696629524231,2.1006293296813965,1.6975247859954834,2.027190685272217,0.3939327001571655,0.3296658992767334,-0.06426680088043213
cgsm_dual,7,ZS0,False,1084,2,0.9992188215255736,0.9992188215255736,1.1061925888061523,1.1061925888061523,0.0,0.0,0.0
cgsm_dual,11,MA,True,1178,126,2.532744884490967,2.747457981109619,2.373590469360352,2.6612138748168945,0.21471309661865234,0.2876234054565425,0.07291030883789018
cgsm_dual,11,FT,True,2452,138,2.567811250686645,2.9033360481262207,2.719294786453247,2.6614911556243896,0.33552479743957564,-0.05780363082885742,-0.39332842826843306
cgsm_dual,11,LN,True,238,6,1.8493741750717163,2.538266897201538,3.665191888809204,3.912927627563477,0.6888927221298218,0.2477357387542729,-0.4411569833755489
cgsm_dual,11,ZS2,True,1043,276,1.116288423538208,2.056560039520264,1.091888427734375,1.4488742351531982,0.9402716159820561,0.35698580741882324,-0.5832858085632329
cgsm_dual,11,OF,True,568,28,2.894683122634888,3.256767988204956,2.2237536907196045,2.098864793777466,0.3620848655700679,-0.12488889694213867,-0.4869737625122066
cgsm_dual,11,EP0,True,556,106,1.5900189876556396,1.6990514993667605,1.6334376335144043,1.7722722291946411,0.10903251171112083,0.13883459568023682,0.02980208396911599
cgsm_dual,11,GL,True,3050,241,1.7327487468719482,2.191128969192505,1.6657005548477173,2.1208887100219727,0.45838022232055664,0.45518815517425537,-0.0031920671463012695
cgsm_dual,11,ZS0,False,1084,2,1.1387614011764526,1.1387614011764526,1.9882586002349851,1.9882586002349851,0.0,0.0,0.0
cgsm_dual,23,MA,True,1178,126,3.104684829711914,2.713248014450073,2.707595109939575,2.6477081775665283,-0.39143681526184126,-0.059886932373046875,0.3315498828887944
cgsm_dual,23,FT,True,2452,138,2.767486810684204,2.944487333297729,2.764454126358032,2.763063669204712,0.17700052261352495,-0.0013904571533198684,-0.17839097976684481
cgsm_dual,23,LN,True,238,6,2.0711545944213867,2.305807113647461,3.62765383720398,3.1549947261810303,0.23465251922607422,-0.47265911102294966,-0.7073116302490239
cgsm_dual,23,ZS2,True,1043,276,1.134902000427246,1.548121452331543,1.131789207458496,1.1268230676651,0.4132194519042969,-0.004966139793395996,-0.41818559169769287
cgsm_dual,23,OF,True,568,28,2.67396879196167,3.128143787384033,2.346276998519897,2.337162733078003,0.4541749954223633,-0.009114265441894087,-0.46328926086425737
cgsm_dual,23,EP0,True,556,106,1.6731867790222168,1.792261838912964,1.795433759689331,1.8087389469146729,0.11907505989074729,0.013305187225341797,-0.1057698726654055
cgsm_dual,23,GL,True,3050,241,1.7791800498962402,1.991127014160156,1.7692729234695437,1.9138346910476685,0.2119469642639158,0.14456176757812478,-0.06738519668579102
cgsm_dual,23,ZS0,False,1084,2,0.9975070357322692,0.9975070357322692,1.635324478149414,1.635324478149414,0.0,0.0,0.0
cgsm_dual,47,MA,True,1178,126,2.802724123001098,2.477937698364258,2.7466211318969727,2.5024211406707764,-0.3247864246368404,-0.2441999912261963,0.08058643341064409
cgsm_dual,47,FT,True,2452,138,2.7102692127227783,2.475170850753784,2.5200355052948,2.584038257598877,-0.23509836196899414,0.06400275230407715,0.2991011142730713
cgsm_dual,47,LN,True,238,6,1.7457411289215088,2.1978323459625244,4.105403900146484,3.011042594909668,0.4520912170410156,-1.0943613052368164,-1.546452522277832
cgsm_dual,47,ZS2,True,1043,276,1.1112302541732788,1.6737838983535769,1.0017635822296145,1.1524001359939575,0.5625536441802981,0.15063655376434304,-0.41191709041595503
cgsm_dual,47,OF,True,568,28,2.580479621887207,2.9785289764404297,2.126481771469116,2.418330430984497,0.39804935455322266,0.29184865951538086,-0.1062006950378418
cgsm_dual,47,EP0,True,556,106,1.5994932651519775,2.2334771156311035,1.6611801385879517,2.412257194519043,0.633983850479126,0.7510770559310913,0.11709320545196533
cgsm_dual,47,GL,True,3050,241,2.004246950149536,2.1961958408355717,1.9850932359695437,2.0528664588928223,0.1919488906860356,0.06777322292327859,-0.12417566776275701
cgsm_dual,47,ZS0,False,1084,2,1.0354536771774292,1.0354536771774292,1.455458402633667,1.455458402633667,0.0,0.0,0.0
