method,seed,task,initial_tp,initial_fn,initial_fp,initial_tn,initial_fnr,initial_fpr,final_tp,final_fn,final_fp,final_tn,final_fnr,final_fpr,delta_fnr,delta_fpr
finetune,7,baseline,153,10,14,513,0.06134969325153374,0.026565464895635674,149,14,10,517,0.08588957055214724,0.018975332068311195,0.0245398773006135,-0.007590132827324479
finetune,7,wind5,106,8,18,405,0.07017543859649122,0.0425531914893617,105,9,20,403,0.07894736842105263,0.04728132387706856,0.008771929824561403,0.004728132387706856
finetune,7,speed15,116,12,11,771,0.09375,0.014066496163682864,113,15,25,757,0.1171875,0.0319693094629156,0.0234375,0.01790281329923274
finetune,7,alt180,132,8,10,627,0.05714285714285714,0.015698587127158554,132,8,11,626,0.05714285714285714,0.01726844583987441,0.0,0.0015698587127158554
finetune,7,speed10,108,16,19,821,0.12903225806451613,0.02261904761904762,105,19,55,785,0.1532258064516129,0.06547619047619048,0.02419354838709678,0.04285714285714286
finetune,11,baseline,151,12,12,515,0.0736196319018405,0.022770398481973434,150,13,20,507,0.07975460122699386,0.03795066413662239,0.006134969325153367,0.015180265654648955
finetune,11,wind5,108,6,18,405,0.05263157894736842,0.0425531914893617,105,9,27,396,0.07894736842105263,0.06382978723404255,0.02631578947368421,0.021276595744680847
finetune,11,speed15,117,11,12,770,0.0859375,0.015345268542199489,111,17,37,745,0.1328125,0.04731457800511509,0.046875,0.0319693094629156
finetune,11,alt180,132,8,11,626,0.05714285714285714,0.01726844583987441,132,8,9,628,0.05714285714285714,0.0141287284144427,0.0,-0.003139717425431709
finetune,11,speed10,109,15,13,827,0.12096774193548387,0.015476190476190477,100,24,73,767,0.1935483870967742,0.0869047619047619,0.07258064516129031,0.07142857142857142
finetune,23,baseline,153,10,13,514,0.06134969325153374,0.024667931688804556,150,13,15,512,0.07975460122699386,0.028462998102466792,0.01840490797546012,0.003795066413662236
finetune,23,wind5,106,8,17,406,0.07017543859649122,0.04018912529550828,105,9,25,398,0.07894736842105263,0.0591016548463357,0.008771929824561403,0.018912529550827423
finetune,23,speed15,116,12,10,772,0.09375,0.01278772378516624,111,17,39,743,0.1328125,0.049872122762148335,0.0390625,0.0370843989769821
finetune,23,alt180,131,9,10,627,0.06428571428571428,0.015698587127158554,131,9,9,628,0.06428571428571428,0.0141287284144427,0.0,-0.0015698587127158537
finetune,23,speed10,109,15,13,827,0.12096774193548387,0.015476190476190477,104,20,78,762,0.16129032258064516,0.09285714285714286,0.04032258064516128,0.07738095238095238
finetune,47,baseline,154,9,15,512,0.05521472392638037,0.028462998102466792,151,12,14,513,0.0736196319018405,0.026565464895635674,0.018404907975460127,-0.001897533206831118
finetune,47,wind5,105,9,17,406,0.07894736842105263,0.04018912529550828,107,7,23,400,0.06140350877192982,0.054373522458628844,-0.017543859649122806,0.014184397163120567
finetune,47,speed15,116,12,11,771,0.09375,0.014066496163682864,115,13,32,750,0.1015625,0.04092071611253197,0.0078125,0.02685421994884911
finetune,47,alt180,133,7,10,627,0.05,0.015698587127158554,133,7,10,627,0.05,0.015698587127158554,0.0,0.0
finetune,47,speed10,111,13,14,826,0.10483870967741936,0.016666666666666666,101,23,65,775,0.18548387096774194,0.07738095238095238,0.08064516129032258,0.06071428571428572
finetune,59,baseline,153,10,14,513,0.06134969325153374,0.026565464895635674,149,14,15,512,0.08588957055214724,0.028462998102466792,0.0245398773006135,0.001897533206831118
finetune,59,wind5,107,7,17,406,0.06140350877192982,0.04018912529550828,105,9,24,399,0.07894736842105263,0.05673758865248227,0.017543859649122806,0.01654846335697399
finetune,59,speed15,116,12,11,771,0.09375,0.014066496163682864,113,15,29,753,0.1171875,0.0370843989769821,0.0234375,0.023017902813299233
finetune,59,alt180,133,7,10,627,0.05,0.015698587127158554,133,7,10,627,0.05,0.015698587127158554,0.0,0.0
finetune,59,speed10,108,16,16,824,0.12903225806451613,0.01904761904761905,104,20,59,781,0.16129032258064516,0.07023809523809524,0.03225806451612903,0.05119047619047619
finetune,71,baseline,152,11,12,515,0.06748466257668712,0.022770398481973434,150,13,15,512,0.07975460122699386,0.028462998102466792,0.012269938650306747,0.005692599620493358
finetune,71,wind5,107,7,16,407,0.06140350877192982,0.037825059101654845,105,9,21,402,0.07894736842105263,0.04964539007092199,0.017543859649122806,0.011820330969267143
finetune,71,speed15,115,13,12,770,0.1015625,0.015345268542199489,113,15,30,752,0.1171875,0.03836317135549872,0.015625,0.023017902813299233
finetune,71,alt180,130,10,10,627,0.07142857142857142,0.015698587127158554,134,6,10,627,0.04285714285714286,0.015698587127158554,-0.028571428571428567,0.0
finetune,71,speed10,108,16,13,827,0.12903225806451613,0.015476190476190477,100,24,57,783,0.1935483870967742,0.06785714285714285,0.06451612903225806,0.052380952380952375
finetune,89,baseline,152,11,15,512,0.06748466257668712,0.028462998102466792,151,12,15,512,0.0736196319018405,0.028462998102466792,0.0061349693251533804,0.0
finetune,89,wind5,106,8,17,406,0.07017543859649122,0.04018912529550828,105,9,26,397,0.07894736842105263,0.061465721040189124,0.008771929824561403,0.021276595744680847
finetune,89,speed15,116,12,10,772,0.09375,0.01278772378516624,110,18,34,748,0.140625,0.043478260869565216,0.046875,0.030690537084398978
finetune,89,alt180,133,7,10,627,0.05,0.015698587127158554,130,10,9,628,0.07142857142857142,0.0141287284144427,0.021428571428571422,-0.0015698587127158537
finetune,89,speed10,109,15,13,827,0.12096774193548387,0.015476190476190477,103,21,66,774,0.1693548387096774,0.07857142857142857,0.04838709677419353,0.0630952380952381
finetune,107,baseline,154,9,13,514,0.05521472392638037,0.024667931688804556,152,11,15,512,0.06748466257668712,0.028462998102466792,0.012269938650306747,0.003795066413662236
finetune,107,wind5,105,9,19,404,0.07894736842105263,0.04491725768321513,107,7,20,403,0.06140350877192982,0.04728132387706856,-0.017543859649122806,0.0023640661938534244
finetune,107,speed15,116,12,10,772,0.09375,0.01278772378516624,114,14,23,759,0.109375,0.029411764705882353,0.015625,0.016624040920716114
finetune,107,alt180,132,8,10,627,0.05714285714285714,0.015698587127158554,130,10,11,626,0.07142857142857142,0.01726844583987441,0.014285714285714284,0.0015698587127158554
finetune,107,speed10,107,17,14,826,0.13709677419354838,0.016666666666666666,105,19,61,779,0.1532258064516129,0.07261904761904762,0.01612903225806453,0.05595238095238096
reservoir,7,baseline,153,10,14,513,0.06134969325153374,0.026565464895635674,154,9,15,512,0.05521472392638037,0.028462998102466792,-0.0061349693251533735,0.001897533206831118
reservoir,7,wind5,106,8,16,407,0.07017543859649122,0.037825059101654845,106,8,17,406,0.07017543859649122,0.04018912529550828,0.0,0.0023640661938534313
reservoir,7,speed15,117,11,11,771,0.0859375,0.014066496163682864,116,12,11,771,0.09375,0.014066496163682864,0.0078125,0.0
reservoir,7,alt180,133,7,12,625,0.05,0.018838304552590265,130,10,10,627,0.07142857142857142,0.015698587127158554,0.021428571428571422,-0.003139717425431711
reservoir,7,speed10,110,14,16,824,0.11290322580645161,0.01904761904761905,108,16,19,821,0.12903225806451613,0.02261904761904762,0.016129032258064516,0.003571428571428569
reservoir,11,baseline,151,12,12,515,0.0736196319018405,0.022770398481973434,153,10,15,512,0.06134969325153374,0.028462998102466792,-0.012269938650306754,0.005692599620493358
reservoir,11,wind5,105,9,18,405,0.07894736842105263,0.0425531914893617,107,7,16,407,0.06140350877192982,0.037825059101654845,-0.017543859649122806,-0.004728132387706856
reservoir,11,speed15,116,12,12,770,0.09375,0.015345268542199489,114,14,12,770,0.109375,0.015345268542199489,0.015625,0.0
reservoir,11,alt180,134,6,10,627,0.04285714285714286,0.015698587127158554,130,10,10,627,0.07142857142857142,0.015698587127158554,0.028571428571428567,0.0
reservoir,11,speed10,109,15,15,825,0.12096774193548387,0.017857142857142856,109,15,16,824,0.12096774193548387,0.01904761904761905,0.0,0.0011904761904761932
reservoir,23,baseline,153,10,13,514,0.06134969325153374,0.024667931688804556,152,11,16,511,0.06748466257668712,0.030360531309297913,0.0061349693251533735,0.005692599620493358
reservoir,23,wind5,105,9,17,406,0.07894736842105263,0.04018912529550828,106,8,18,405,0.07017543859649122,0.0425531914893617,-0.008771929824561403,0.0023640661938534244
reservoir,23,speed15,116,12,12,770,0.09375,0.015345268542199489,114,14,12,770,0.109375,0.015345268542199489,0.015625,0.0
reservoir,23,alt180,133,7,11,626,0.05,0.01726844583987441,131,9,10,627,0.06428571428571428,0.015698587127158554,0.014285714285714277,-0.0015698587127158554
reservoir,23,speed10,110,14,12,828,0.11290322580645161,0.014285714285714285,110,14,16,824,0.11290322580645161,0.01904761904761905,0.0,0.004761904761904764
reservoir,47,baseline,154,9,15,512,0.05521472392638037,0.028462998102466792,153,10,14,513,0.06134969325153374,0.026565464895635674,0.0061349693251533735,-0.001897533206831118
reservoir,47,wind5,106,8,18,405,0.07017543859649122,0.0425531914893617,104,10,18,405,0.08771929824561403,0.0425531914893617,0.017543859649122806,0.0
reservoir,47,speed15,117,11,11,771,0.0859375,0.014066496163682864,115,13,10,772,0.1015625,0.01278772378516624,0.015625,-0.0012787723785166235
reservoir,47,alt180,135,5,11,626,0.03571428571428571,0.01726844583987441,132,8,12,625,0.05714285714285714,0.018838304552590265,0.02142857142857143,0.0015698587127158554
reservoir,47,speed10,109,15,12,828,0.12096774193548387,0.014285714285714285,108,16,15,825,0.12903225806451613,0.017857142857142856,0.008064516129032251,0.003571428571428571
reservoir,59,baseline,153,10,14,513,0.06134969325153374,0.026565464895635674,151,12,14,513,0.0736196319018405,0.026565464895635674,0.012269938650306754,0.0
reservoir,59,wind5,107,7,18,405,0.06140350877192982,0.0425531914893617,108,6,17,406,0.05263157894736842,0.04018912529550828,-0.008771929824561403,-0.0023640661938534244
reservoir,59,speed15,117,11,11,771,0.0859375,0.014066496163682864,115,13,11,771,0.1015625,0.014066496163682864,0.015625,0.0
reservoir,59,alt180,134,6,9,628,0.04285714285714286,0.0141287284144427,134,6,11,626,0.04285714285714286,0.01726844583987441,0.0,0.003139717425431709
reservoir,59,speed10,108,16,13,827,0.12903225806451613,0.015476190476190477,111,13,13,827,0.10483870967741936,0.015476190476190477,-0.024193548387096767,0.0
reservoir,71,baseline,152,11,12,515,0.06748466257668712,0.022770398481973434,152,11,14,513,0.06748466257668712,0.026565464895635674,0.0,0.0037950664136622396
reservoir,71,wind5,107,7,17,406,0.06140350877192982,0.04018912529550828,105,9,16,407,0.07894736842105263,0.037825059101654845,0.017543859649122806,-0.0023640661938534313
reservoir,71,speed15,116,12,11,771,0.09375,0.014066496163682864,116,12,7,775,0.09375,0.008951406649616368,0.0,-0.005115089514066496
reservoir,71,alt180,131,9,10,627,0.06428571428571428,0.015698587127158554,132,8,10,627,0.05714285714285714,0.015698587127158554,-0.007142857142857138,0.0
reservoir,71,speed10,108,16,14,826,0.12903225806451613,0.016666666666666666,109,15,18,822,0.12096774193548387,0.02142857142857143,-0.008064516129032251,0.004761904761904762
reservoir,89,baseline,152,11,15,512,0.06748466257668712,0.028462998102466792,153,10,15,512,0.06134969325153374,0.028462998102466792,-0.0061349693251533735,0.0
reservoir,89,wind5,107,7,16,407,0.06140350877192982,0.037825059101654845,106,8,18,405,0.07017543859649122,0.0425531914893617,0.008771929824561403,0.004728132387706856
reservoir,89,speed15,117,11,14,768,0.0859375,0.017902813299232736,117,11,10,772,0.0859375,0.01278772378516624,0.0,-0.005115089514066496
reservoir,89,alt180,132,8,11,626,0.05714285714285714,0.01726844583987441,130,10,12,625,0.07142857142857142,0.018838304552590265,0.014285714285714284,0.0015698587127158554
reservoir,89,speed10,110,14,12,828,0.11290322580645161,0.014285714285714285,110,14,14,826,0.11290322580645161,0.016666666666666666,0.0,0.002380952380952381
reservoir,107,baseline,154,9,13,514,0.05521472392638037,0.024667931688804556,152,11,15,512,0.06748466257668712,0.028462998102466792,0.012269938650306747,0.003795066413662236
reservoir,107,wind5,104,10,17,406,0.08771929824561403,0.04018912529550828,106,8,16,407,0.07017543859649122,0.037825059101654845,-0.017543859649122806,-0.0023640661938534313
reservoir,107,speed15,117,11,11,771,0.0859375,0.014066496163682864,115,13,9,773,0.1015625,0.011508951406649617,0.015625,-0.002557544757033247
reservoir,107,alt180,131,9,10,627,0.06428571428571428,0.015698587127158554,133,7,10,627,0.05,0.015698587127158554,-0.014285714285714277,0.0
reservoir,107,speed10,112,12,13,827,0.0967741935483871,0.015476190476190477,110,14,12,828,0.11290322580645161,0.014285714285714285,0.016129032258064516,-0.0011904761904761915
gss_adapted,7,baseline,153,10,14,513,0.06134969325153374,0.026565464895635674,151,12,13,514,0.0736196319018405,0.024667931688804556,0.012269938650306754,-0.001897533206831118
gss_adapted,7,wind5,106,8,19,404,0.07017543859649122,0.04491725768321513,105,9,17,406,0.07894736842105263,0.04018912529550828,0.008771929824561403,-0.004728132387706856
gss_adapted,7,speed15,117,11,11,771,0.0859375,0.014066496163682864,116,12,11,771,0.09375,0.014066496163682864,0.0078125,0.0
gss_adapted,7,alt180,133,7,12,625,0.05,0.018838304552590265,133,7,10,627,0.05,0.015698587127158554,0.0,-0.003139717425431711
gss_adapted,7,speed10,108,16,12,828,0.12903225806451613,0.014285714285714285,110,14,16,824,0.11290322580645161,0.01904761904761905,-0.016129032258064516,0.004761904761904764
gss_adapted,11,baseline,151,12,12,515,0.0736196319018405,0.022770398481973434,153,10,15,512,0.06134969325153374,0.028462998102466792,-0.012269938650306754,0.005692599620493358
gss_adapted,11,wind5,105,9,17,406,0.07894736842105263,0.04018912529550828,106,8,18,405,0.07017543859649122,0.0425531914893617,-0.008771929824561403,0.0023640661938534244
gss_adapted,11,speed15,117,11,12,770,0.0859375,0.015345268542199489,117,11,11,771,0.0859375,0.014066496163682864,0.0,-0.0012787723785166252
gss_adapted,11,alt180,133,7,10,627,0.05,0.015698587127158554,133,7,10,627,0.05,0.015698587127158554,0.0,0.0
gss_adapted,11,speed10,108,16,12,828,0.12903225806451613,0.014285714285714285,110,14,11,829,0.11290322580645161,0.013095238095238096,-0.016129032258064516,-0.0011904761904761897
gss_adapted,23,baseline,153,10,13,514,0.06134969325153374,0.024667931688804556,152,11,13,514,0.06748466257668712,0.024667931688804556,0.0061349693251533735,0.0
gss_adapted,23,wind5,108,6,17,406,0.05263157894736842,0.04018912529550828,106,8,17,406,0.07017543859649122,0.04018912529550828,0.017543859649122806,0.0
gss_adapted,23,speed15,116,12,11,771,0.09375,0.014066496163682864,116,12,11,771,0.09375,0.014066496163682864,0.0,0.0
gss_adapted,23,alt180,131,9,10,627,0.06428571428571428,0.015698587127158554,132,8,9,628,0.05714285714285714,0.0141287284144427,-0.007142857142857138,-0.0015698587127158537
gss_adapted,23,speed10,111,13,14,826,0.10483870967741936,0.016666666666666666,109,15,13,827,0.12096774193548387,0.015476190476190477,0.016129032258064516,-0.0011904761904761897
gss_adapted,47,baseline,154,9,15,512,0.05521472392638037,0.028462998102466792,155,8,15,512,0.049079754601226995,0.028462998102466792,-0.0061349693251533735,0.0
gss_adapted,47,wind5,106,8,18,405,0.07017543859649122,0.0425531914893617,106,8,16,407,0.07017543859649122,0.037825059101654845,0.0,-0.004728132387706856
gss_adapted,47,speed15,117,11,12,770,0.0859375,0.015345268542199489,116,12,11,771,0.09375,0.014066496163682864,0.0078125,-0.0012787723785166252
gss_adapted,47,alt180,133,7,10,627,0.05,0.015698587127158554,134,6,9,628,0.04285714285714286,0.0141287284144427,-0.007142857142857145,-0.0015698587127158537
gss_adapted,47,speed10,108,16,16,824,0.12903225806451613,0.01904761904761905,110,14,17,823,0.11290322580645161,0.02023809523809524,-0.016129032258064516,0.0011904761904761897
gss_adapted,59,baseline,153,10,14,513,0.06134969325153374,0.026565464895635674,151,12,15,512,0.0736196319018405,0.028462998102466792,0.012269938650306754,0.001897533206831118
gss_adapted,59,wind5,107,7,19,404,0.06140350877192982,0.04491725768321513,107,7,17,406,0.06140350877192982,0.04018912529550828,0.0,-0.004728132387706856
gss_adapted,59,speed15,117,11,12,770,0.0859375,0.015345268542199489,115,13,9,773,0.1015625,0.011508951406649617,0.015625,-0.0038363171355498722
gss_adapted,59,alt180,134,6,8,629,0.04285714285714286,0.012558869701726845,133,7,10,627,0.05,0.015698587127158554,0.007142857142857145,0.003139717425431709
gss_adapted,59,speed10,109,15,13,827,0.12096774193548387,0.015476190476190477,108,16,13,827,0.12903225806451613,0.015476190476190477,0.008064516129032251,0.0
gss_adapted,71,baseline,152,11,12,515,0.06748466257668712,0.022770398481973434,151,12,11,516,0.0736196319018405,0.020872865275142316,0.0061349693251533804,-0.001897533206831118
gss_adapted,71,wind5,106,8,18,405,0.07017543859649122,0.0425531914893617,104,10,17,406,0.08771929824561403,0.04018912529550828,0.017543859649122806,-0.0023640661938534244
gss_adapted,71,speed15,116,12,12,770,0.09375,0.015345268542199489,116,12,11,771,0.09375,0.014066496163682864,0.0,-0.0012787723785166252
gss_adapted,71,alt180,133,7,11,626,0.05,0.01726844583987441,132,8,9,628,0.05714285714285714,0.0141287284144427,0.007142857142857138,-0.003139717425431709
gss_adapted,71,speed10,109,15,16,824,0.12096774193548387,0.01904761904761905,108,16,19,821,0.12903225806451613,0.02261904761904762,0.008064516129032251,0.003571428571428569
gss_adapted,89,baseline,152,11,15,512,0.06748466257668712,0.028462998102466792,152,11,13,514,0.06748466257668712,0.024667931688804556,0.0,-0.003795066413662236
gss_adapted,89,wind5,105,9,17,406,0.07894736842105263,0.04018912529550828,105,9,17,406,0.07894736842105263,0.04018912529550828,0.0,0.0
gss_adapted,89,speed15,117,11,11,771,0.0859375,0.014066496163682864,116,12,10,772,0.09375,0.01278772378516624,0.0078125,-0.0012787723785166235
gss_adapted,89,alt180,132,8,10,627,0.05714285714285714,0.015698587127158554,132,8,10,627,0.05714285714285714,0.015698587127158554,0.0,0.0
gss_adapted,89,speed10,111,13,11,829,0.10483870967741936,0.013095238095238096,110,14,11,829,0.11290322580645161,0.013095238095238096,0.008064516129032251,0.0
gss_adapted,107,baseline,154,9,13,514,0.05521472392638037,0.024667931688804556,152,11,15,512,0.06748466257668712,0.028462998102466792,0.012269938650306747,0.003795066413662236
gss_adapted,107,wind5,104,10,21,402,0.08771929824561403,0.04964539007092199,106,8,19,404,0.07017543859649122,0.04491725768321513,-0.017543859649122806,-0.004728132387706856
gss_adapted,107,speed15,116,12,11,771,0.09375,0.014066496163682864,116,12,11,771,0.09375,0.014066496163682864,0.0,0.0
gss_adapted,107,alt180,133,7,11,626,0.05,0.01726844583987441,132,8,11,626,0.05714285714285714,0.01726844583987441,0.007142857142857138,0.0
gss_adapted,107,speed10,109,15,13,827,0.12096774193548387,0.015476190476190477,107,17,14,826,0.13709677419354838,0.016666666666666666,0.016129032258064502,0.0011904761904761897
cgsm_dual,7,baseline,153,10,14,513,0.06134969325153374,0.026565464895635674,153,10,13,514,0.06134969325153374,0.024667931688804556,0.0,-0.001897533206831118
cgsm_dual,7,wind5,107,7,18,405,0.06140350877192982,0.0425531914893617,107,7,17,406,0.06140350877192982,0.04018912529550828,0.0,-0.0023640661938534244
cgsm_dual,7,speed15,117,11,12,770,0.0859375,0.015345268542199489,115,13,11,771,0.1015625,0.014066496163682864,0.015625,-0.0012787723785166252
cgsm_dual,7,alt180,132,8,11,626,0.05714285714285714,0.01726844583987441,132,8,10,627,0.05714285714285714,0.015698587127158554,0.0,-0.0015698587127158554
cgsm_dual,7,speed10,111,13,15,825,0.10483870967741936,0.017857142857142856,112,12,15,825,0.0967741935483871,0.017857142857142856,-0.008064516129032265,0.0
cgsm_dual,11,baseline,151,12,12,515,0.0736196319018405,0.022770398481973434,152,11,14,513,0.06748466257668712,0.026565464895635674,-0.0061349693251533804,0.0037950664136622396
cgsm_dual,11,wind5,104,10,17,406,0.08771929824561403,0.04018912529550828,107,7,17,406,0.06140350877192982,0.04018912529550828,-0.02631578947368421,0.0
cgsm_dual,11,speed15,116,12,11,771,0.09375,0.014066496163682864,116,12,11,771,0.09375,0.014066496163682864,0.0,0.0
cgsm_dual,11,alt180,132,8,13,624,0.05714285714285714,0.02040816326530612,132,8,10,627,0.05714285714285714,0.015698587127158554,0.0,-0.004709576138147566
cgsm_dual,11,speed10,109,15,15,825,0.12096774193548387,0.017857142857142856,108,16,18,822,0.12903225806451613,0.02142857142857143,0.008064516129032251,0.0035714285714285726
cgsm_dual,23,baseline,153,10,13,514,0.06134969325153374,0.024667931688804556,151,12,13,514,0.0736196319018405,0.024667931688804556,0.012269938650306754,0.0
cgsm_dual,23,wind5,108,6,17,406,0.05263157894736842,0.04018912529550828,104,10,17,406,0.08771929824561403,0.04018912529550828,0.03508771929824561,0.0
cgsm_dual,23,speed15,117,11,11,771,0.0859375,0.014066496163682864,115,13,11,771,0.1015625,0.014066496163682864,0.015625,0.0
cgsm_dual,23,alt180,133,7,10,627,0.05,0.015698587127158554,132,8,11,626,0.05714285714285714,0.01726844583987441,0.007142857142857138,0.0015698587127158554
cgsm_dual,23,speed10,110,14,16,824,0.11290322580645161,0.01904761904761905,108,16,16,824,0.12903225806451613,0.01904761904761905,0.016129032258064516,0.0
cgsm_dual,47,baseline,154,9,15,512,0.05521472392638037,0.028462998102466792,153,10,12,515,0.06134969325153374,0.022770398481973434,0.0061349693251533735,-0.005692599620493358
cgsm_dual,47,wind5,105,9,19,404,0.07894736842105263,0.04491725768321513,104,10,17,406,0.08771929824561403,0.04018912529550828,0.008771929824561403,-0.004728132387706856
cgsm_dual,47,speed15,117,11,12,770,0.0859375,0.015345268542199489,116,12,10,772,0.09375,0.01278772378516624,0.0078125,-0.0025575447570332487
cgsm_dual,47,alt180,133,7,10,627,0.05,0.015698587127158554,134,6,10,627,0.04285714285714286,0.015698587127158554,-0.007142857142857145,0.0
cgsm_dual,47,speed10,108,16,18,822,0.12903225806451613,0.02142857142857143,110,14,20,820,0.11290322580645161,0.023809523809523808,-0.016129032258064516,0.0023809523809523794
cgsm_dual,59,baseline,153,10,14,513,0.06134969325153374,0.026565464895635674,152,11,16,511,0.06748466257668712,0.030360531309297913,0.0061349693251533735,0.0037950664136622396
cgsm_dual,59,wind5,107,7,18,405,0.06140350877192982,0.0425531914893617,105,9,18,405,0.07894736842105263,0.0425531914893617,0.017543859649122806,0.0
cgsm_dual,59,speed15,118,10,12,770,0.078125,0.015345268542199489,115,13,12,770,0.1015625,0.015345268542199489,0.0234375,0.0
cgsm_dual,59,alt180,134,6,10,627,0.04285714285714286,0.015698587127158554,132,8,10,627,0.05714285714285714,0.015698587127158554,0.014285714285714284,0.0
cgsm_dual,59,speed10,109,15,14,826,0.12096774193548387,0.016666666666666666,108,16,16,824,0.12903225806451613,0.01904761904761905,0.008064516129032251,0.002380952380952383
cgsm_dual,71,baseline,152,11,12,515,0.06748466257668712,0.022770398481973434,152,11,14,513,0.06748466257668712,0.026565464895635674,0.0,0.0037950664136622396
cgsm_dual,71,wind5,106,8,19,404,0.07017543859649122,0.04491725768321513,103,11,19,404,0.09649122807017543,0.04491725768321513,0.02631578947368421,0.0
cgsm_dual,71,speed15,117,11,12,770,0.0859375,0.015345268542199489,117,11,11,771,0.0859375,0.014066496163682864,0.0,-0.0012787723785166252
cgsm_dual,71,alt180,133,7,10,627,0.05,0.015698587127158554,133,7,10,627,0.05,0.015698587127158554,0.0,0.0
cgsm_dual,71,speed10,111,13,14,826,0.10483870967741936,0.016666666666666666,109,15,17,823,0.12096774193548387,0.02023809523809524,0.016129032258064516,0.0035714285714285726
cgsm_dual,89,baseline,152,11,15,512,0.06748466257668712,0.028462998102466792,152,11,14,513,0.06748466257668712,0.026565464895635674,0.0,-0.001897533206831118
cgsm_dual,89,wind5,105,9,17,406,0.07894736842105263,0.04018912529550828,105,9,16,407,0.07894736842105263,0.037825059101654845,0.0,-0.0023640661938534313
cgsm_dual,89,speed15,117,11,10,772,0.0859375,0.01278772378516624,116,12,10,772,0.09375,0.01278772378516624,0.0078125,0.0
cgsm_dual,89,alt180,131,9,10,627,0.06428571428571428,0.015698587127158554,131,9,11,626,0.06428571428571428,0.01726844583987441,0.0,0.0015698587127158554
cgsm_dual,89,speed10,110,14,13,827,0.11290322580645161,0.015476190476190477,109,15,16,824,0.12096774193548387,0.01904761904761905,0.008064516129032265,0.0035714285714285726
cgsm_dual,107,baseline,154,9,13,514,0.05521472392638037,0.024667931688804556,154,9,13,514,0.05521472392638037,0.024667931688804556,0.0,0.0
cgsm_dual,107,wind5,104,10,18,405,0.08771929824561403,0.0425531914893617,104,10,19,404,0.08771929824561403,0.04491725768321513,0.0,0.0023640661938534313
cgsm_dual,107,speed15,116,12,11,771,0.09375,0.014066496163682864,117,11,11,771,0.0859375,0.014066496163682864,-0.0078125,0.0
cgsm_dual,107,alt180,134,6,11,626,0.04285714285714286,0.01726844583987441,132,8,11,626,0.05714285714285714,0.01726844583987441,0.014285714285714284,0.0
cgsm_dual,107,speed10,109,15,14,826,0.12096774193548387,0.016666666666666666,109,15,17,823,0.12096774193548387,0.02023809523809524,0.0,0.0035714285714285726
dualls_adapted,7,baseline,152,11,14,513,0.06748466257668712,0.026565464895635674,154,9,14,513,0.05521472392638037,0.026565464895635674,-0.012269938650306747,0.0
dualls_adapted,7,wind5,105,9,18,405,0.07894736842105263,0.0425531914893617,108,6,17,406,0.05263157894736842,0.04018912529550828,-0.02631578947368421,-0.0023640661938534244
dualls_adapted,7,speed15,116,12,12,770,0.09375,0.015345268542199489,116,12,10,772,0.09375,0.01278772378516624,0.0,-0.0025575447570332487
dualls_adapted,7,alt180,132,8,10,627,0.05714285714285714,0.015698587127158554,131,9,11,626,0.06428571428571428,0.01726844583987441,0.007142857142857138,0.0015698587127158554
dualls_adapted,7,speed10,110,14,13,827,0.11290322580645161,0.015476190476190477,110,14,13,827,0.11290322580645161,0.015476190476190477,0.0,0.0
dualls_adapted,11,baseline,152,11,14,513,0.06748466257668712,0.026565464895635674,154,9,13,514,0.05521472392638037,0.024667931688804556,-0.012269938650306747,-0.001897533206831118
dualls_adapted,11,wind5,106,8,17,406,0.07017543859649122,0.04018912529550828,106,8,17,406,0.07017543859649122,0.04018912529550828,0.0,0.0
dualls_adapted,11,speed15,116,12,12,770,0.09375,0.015345268542199489,115,13,10,772,0.1015625,0.01278772378516624,0.0078125,-0.0025575447570332487
dualls_adapted,11,alt180,131,9,10,627,0.06428571428571428,0.015698587127158554,131,9,10,627,0.06428571428571428,0.015698587127158554,0.0,0.0
dualls_adapted,11,speed10,109,15,16,824,0.12096774193548387,0.01904761904761905,109,15,13,827,0.12096774193548387,0.015476190476190477,0.0,-0.0035714285714285726
dualls_adapted,23,baseline,153,10,14,513,0.06134969325153374,0.026565464895635674,152,11,16,511,0.06748466257668712,0.030360531309297913,0.0061349693251533735,0.0037950664136622396
dualls_adapted,23,wind5,106,8,17,406,0.07017543859649122,0.04018912529550828,108,6,16,407,0.05263157894736842,0.037825059101654845,-0.017543859649122806,-0.0023640661938534313
dualls_adapted,23,speed15,116,12,11,771,0.09375,0.014066496163682864,116,12,11,771,0.09375,0.014066496163682864,0.0,0.0
dualls_adapted,23,alt180,132,8,11,626,0.05714285714285714,0.01726844583987441,131,9,10,627,0.06428571428571428,0.015698587127158554,0.007142857142857138,-0.0015698587127158554
dualls_adapted,23,speed10,110,14,14,826,0.11290322580645161,0.016666666666666666,110,14,15,825,0.11290322580645161,0.017857142857142856,0.0,0.0011904761904761897
dualls_adapted,47,baseline,153,10,13,514,0.06134969325153374,0.024667931688804556,151,12,14,513,0.0736196319018405,0.026565464895635674,0.012269938650306754,0.001897533206831118
dualls_adapted,47,wind5,106,8,18,405,0.07017543859649122,0.0425531914893617,107,7,17,406,0.06140350877192982,0.04018912529550828,-0.008771929824561403,-0.0023640661938534244
dualls_adapted,47,speed15,116,12,12,770,0.09375,0.015345268542199489,117,11,11,771,0.0859375,0.014066496163682864,-0.0078125,-0.0012787723785166252
dualls_adapted,47,alt180,132,8,10,627,0.05714285714285714,0.015698587127158554,132,8,12,625,0.05714285714285714,0.018838304552590265,0.0,0.003139717425431711
dualls_adapted,47,speed10,110,14,15,825,0.11290322580645161,0.017857142857142856,111,13,15,825,0.10483870967741936,0.017857142857142856,-0.008064516129032251,0.0
dualls_adapted,59,baseline,152,11,13,514,0.06748466257668712,0.024667931688804556,150,13,17,510,0.07975460122699386,0.03225806451612903,0.012269938650306747,0.007590132827324476
dualls_adapted,59,wind5,107,7,18,405,0.06140350877192982,0.0425531914893617,105,9,18,405,0.07894736842105263,0.0425531914893617,0.017543859649122806,0.0
dualls_adapted,59,speed15,116,12,11,771,0.09375,0.014066496163682864,117,11,11,771,0.0859375,0.014066496163682864,-0.0078125,0.0
dualls_adapted,59,alt180,133,7,10,627,0.05,0.015698587127158554,133,7,10,627,0.05,0.015698587127158554,0.0,0.0
dualls_adapted,59,speed10,111,13,15,825,0.10483870967741936,0.017857142857142856,111,13,17,823,0.10483870967741936,0.02023809523809524,0.0,0.002380952380952383
dualls_adapted,71,baseline,152,11,13,514,0.06748466257668712,0.024667931688804556,150,13,14,513,0.07975460122699386,0.026565464895635674,0.012269938650306747,0.001897533206831118
dualls_adapted,71,wind5,106,8,17,406,0.07017543859649122,0.04018912529550828,105,9,17,406,0.07894736842105263,0.04018912529550828,0.008771929824561403,0.0
dualls_adapted,71,speed15,116,12,12,770,0.09375,0.015345268542199489,115,13,11,771,0.1015625,0.014066496163682864,0.0078125,-0.0012787723785166252
dualls_adapted,71,alt180,132,8,10,627,0.05714285714285714,0.015698587127158554,134,6,10,627,0.04285714285714286,0.015698587127158554,-0.014285714285714284,0.0
dualls_adapted,71,speed10,109,15,14,826,0.12096774193548387,0.016666666666666666,107,17,15,825,0.13709677419354838,0.017857142857142856,0.016129032258064502,0.0011904761904761897
dualls_adapted,89,baseline,152,11,13,514,0.06748466257668712,0.024667931688804556,153,10,13,514,0.06134969325153374,0.024667931688804556,-0.0061349693251533735,0.0
dualls_adapted,89,wind5,105,9,17,406,0.07894736842105263,0.04018912529550828,106,8,15,408,0.07017543859649122,0.03546099290780142,-0.008771929824561403,-0.004728132387706856
dualls_adapted,89,speed15,116,12,11,771,0.09375,0.014066496163682864,116,12,11,771,0.09375,0.014066496163682864,0.0,0.0
dualls_adapted,89,alt180,134,6,9,628,0.04285714285714286,0.0141287284144427,132,8,10,627,0.05714285714285714,0.015698587127158554,0.014285714285714284,0.0015698587127158537
dualls_adapted,89,speed10,109,15,13,827,0.12096774193548387,0.015476190476190477,107,17,14,826,0.13709677419354838,0.016666666666666666,0.016129032258064502,0.0011904761904761897
dualls_adapted,107,baseline,153,10,14,513,0.06134969325153374,0.026565464895635674,154,9,15,512,0.05521472392638037,0.028462998102466792,-0.0061349693251533735,0.001897533206831118
dualls_adapted,107,wind5,106,8,17,406,0.07017543859649122,0.04018912529550828,105,9,16,407,0.07894736842105263,0.037825059101654845,0.008771929824561403,-0.0023640661938534313
dualls_adapted,107,speed15,116,12,12,770,0.09375,0.015345268542199489,116,12,10,772,0.09375,0.01278772378516624,0.0,-0.0025575447570332487
dualls_adapted,107,alt180,134,6,11,626,0.04285714285714286,0.01726844583987441,133,7,11,626,0.05,0.01726844583987441,0.007142857142857145,0.0
dualls_adapted,107,speed10,109,15,12,828,0.12096774193548387,0.014285714285714285,110,14,15,825,0.11290322580645161,0.017857142857142856,-0.008064516129032265,0.003571428571428571
