method,seed,threshold,overall,cpa,matched,cpa_minus_overall,cpa_minus_matched
cgsm_dual,7,0.5,-0.2906296587258578,-0.3602556472828094,-0.34096518087727523,-0.06962598855695164,-0.019290466405534133
cgsm_dual,7,1.0,-0.2906296587258578,-0.2938516795045819,-0.31864331840024673,-0.003222020778724172,0.024791638895664842
cgsm_dual,7,1.5,-0.2906296587258578,-0.30344225372743344,-0.31369873359357486,-0.012812595001575727,0.010256479866141411
cgsm_dual,7,2.0,-0.2906296587258578,-0.31510643292602725,-0.3135195307594517,-0.024476774200169464,-0.0015869021665754657
cgsm_dual,11,0.5,-0.29844335717856885,-0.5357257986678038,-0.3776485433037874,-0.23728244148923489,-0.1580772553640164
cgsm_dual,11,1.0,-0.29844335717856885,-0.39435616561671283,-0.3322208279802969,-0.09591280843814401,-0.062135337636415953
cgsm_dual,11,1.5,-0.29844335717856885,-0.37805556379156885,-0.3189432806022502,-0.07961220661300003,-0.0591122831893187
cgsm_dual,11,2.0,-0.29844335717856885,-0.3653612934364661,-0.32270985313596035,-0.0669179362578973,-0.042651440300505786
cgsm_dual,23,0.5,-0.1577840863801539,-0.2794884728626869,-0.2532569485497461,-0.12170438648253304,-0.026231524312940808
cgsm_dual,23,1.0,-0.1577840863801539,-0.19808387424692392,-0.19628708296482175,-0.040299787866770034,-0.0017967912821021796
cgsm_dual,23,1.5,-0.1577840863801539,-0.21980908280514103,-0.18828609207502103,-0.0620249964249871,-0.03152299073011996
cgsm_dual,23,2.0,-0.1577840863801539,-0.24162863209134294,-0.1858072437600303,-0.08384454571118907,-0.05582138833131265
cgsm_dual,47,0.5,-0.32371833509504794,-0.16348023781471605,-0.34933449342627226,0.16023809728033192,0.1858542556115562
cgsm_dual,47,1.0,-0.32371833509504794,-0.19975506503790372,-0.3250265674409526,0.1239632700571442,0.12527150240304882
cgsm_dual,47,1.5,-0.32371833509504794,-0.29058266026473895,-0.32583677129847777,0.03313567483030897,0.03525411103373879
cgsm_dual,47,2.0,-0.32371833509504794,-0.33024604213784103,-0.3304049165163267,-0.006527707042793107,0.00015887437848568497
cgsm_dual,59,0.5,-0.20999029160588983,-0.3351298102843803,-0.25479872508248624,-0.12513951867849055,-0.08033108520189407
cgsm_dual,59,1.0,-0.20999029160588983,-0.2229339804074058,-0.22962250118260702,-0.012943688801516001,0.006688520775201184
cgsm_dual,59,1.5,-0.20999029160588983,-0.2207586300325802,-0.22806814592640823,-0.010768338426690404,0.007309515893828
cgsm_dual,59,2.0,-0.20999029160588983,-0.21807070368723186,-0.22369924569676963,-0.008080412081342058,0.005628542009537796
cgsm_dual,71,0.5,-0.16163586623668671,-0.20794969528922488,-0.17046232518912902,-0.04631382905253819,-0.03748737010009588
cgsm_dual,71,1.0,-0.16163586623668671,-0.0765406045671517,-0.1428132611416369,0.08509526166953502,0.06627265657448522
cgsm_dual,71,1.5,-0.16163586623668671,-0.14986040240173318,-0.15737502501320194,0.011775463834953526,0.007514622611468768
cgsm_dual,71,2.0,-0.16163586623668671,-0.175050960025587,-0.16046463318334242,-0.013415093788900333,-0.0145863268422446
cgsm_dual,89,0.5,-0.07998877597004175,-0.13861001616269142,-0.12378145428935153,-0.05862124019264968,-0.014828561873339885
cgsm_dual,89,1.0,-0.07998877597004175,-0.03874610812485418,-0.10507743290089203,0.04124266784518757,0.06633132477603783
cgsm_dual,89,1.5,-0.07998877597004175,-0.05362591423547387,-0.1019925558195646,0.026362861734567887,0.04836664158409071
cgsm_dual,89,2.0,-0.07998877597004175,-0.05290989932641867,-0.10254350513095356,0.027078876643623073,0.04963360580453487
cgsm_dual,107,0.5,-0.09571452680528163,-0.19470954334827206,-0.12188723135077158,-0.09899501654299044,-0.07282231199750051
cgsm_dual,107,1.0,-0.09571452680528163,-0.051392076076860305,-0.10146935022692834,0.044322450728421336,0.05007727415006804
cgsm_dual,107,1.5,-0.09571452680528163,-0.06025986805356305,-0.09850041326188176,0.03545465875171859,0.03824054520831871
cgsm_dual,107,2.0,-0.09571452680528163,-0.06653952888203347,-0.10102720553432225,0.02917499792324817,0.0344876766522888
dualls_adapted,7,0.5,-0.23980218310654164,-0.24273111177052095,-0.27411463032986016,-0.002928928663979333,0.03138351855933923
dualls_adapted,7,1.0,-0.23980218310654164,-0.18917866570934966,-0.2445062482310957,0.05062351739719199,0.055327582521746056
dualls_adapted,7,1.5,-0.23980218310654164,-0.21343067647494451,-0.24259185313146764,0.02637150663159713,0.02916117665652316
dualls_adapted,7,2.0,-0.23980218310654164,-0.2499036796163951,-0.24177263128747423,-0.010101496509853461,-0.00813104832892086
dualls_adapted,11,0.5,-0.08281336599886417,-0.155129704386359,-0.13634104959998952,-0.07231633838749482,-0.018788654786369506
dualls_adapted,11,1.0,-0.08281336599886417,-0.059190670665371536,-0.09880357325401493,0.02362269533349266,0.03961290258864339
dualls_adapted,11,1.5,-0.08281336599886417,-0.08938563421390949,-0.09270408191153243,-0.006572268215045307,0.0033184476976229394
dualls_adapted,11,2.0,-0.08281336599886417,-0.11606802523688953,-0.09193399485989043,-0.033254659238025376,-0.024134030376999127
dualls_adapted,23,0.5,-0.1518256914153695,-0.06001869230123552,-0.20307114185458786,0.09180699911413398,0.14305244955335236
dualls_adapted,23,1.0,-0.1518256914153695,-0.06981475986225272,-0.16176876567171333,0.08201093155311678,0.09195400580946063
dualls_adapted,23,1.5,-0.1518256914153695,-0.11590163543207836,-0.15308549610864702,0.035924055983291125,0.03718386067656864
dualls_adapted,23,2.0,-0.1518256914153695,-0.14977523915396726,-0.15270651389591614,0.002050452261402247,0.002931274741948875
dualls_adapted,47,0.5,-0.1418491678878665,0.02848113075032215,-0.17638171374342834,0.17033029863818863,0.20486284449375045
dualls_adapted,47,1.0,-0.1418491678878665,-0.004454284043606071,-0.14440150998231222,0.13739488384426043,0.13994722593870618
dualls_adapted,47,1.5,-0.1418491678878665,-0.06600977817091067,-0.13797898472838113,0.07583938971695584,0.07196920655747047
dualls_adapted,47,2.0,-0.1418491678878665,-0.1332993385550461,-0.14427121353108358,0.008549829332820402,0.010971874976037504
dualls_adapted,59,0.5,-0.08499855443313717,-0.11426356024386504,-0.13048985745768865,-0.029265005810727874,0.016226297213823602
dualls_adapted,59,1.0,-0.08499855443313717,-0.06514756877655739,-0.09378273052774042,0.019850985656579778,0.028635161751183042
dualls_adapted,59,1.5,-0.08499855443313717,-0.07564737508125345,-0.08719869238352163,0.009351179351883714,0.011551317302268164
dualls_adapted,59,2.0,-0.08499855443313717,-0.10955414301126624,-0.08694148491383842,-0.02455558857812908,-0.022612658097427844
dualls_adapted,71,0.5,-0.14738837615847586,-0.3246361350557288,-0.21102101263505002,-0.17724775889725292,-0.1136151224206788
dualls_adapted,71,1.0,-0.14738837615847586,-0.16728588916159742,-0.16528599969279328,-0.019897513003121547,-0.001999889468804117
dualls_adapted,71,1.5,-0.14738837615847586,-0.18047492576413715,-0.15839757475089825,-0.0330865496056613,-0.022077351013238912
dualls_adapted,71,2.0,-0.14738837615847586,-0.2020730759933095,-0.1577575582641105,-0.05468469983483365,-0.044315517729199
dualls_adapted,89,0.5,-0.22469512104839087,-0.20433622539186652,-0.26631024277404036,0.020358895656524323,0.06197401738217383
dualls_adapted,89,1.0,-0.22469512104839087,-0.17554708994742535,-0.23685874725046543,0.049148031100965515,0.06131165730304007
dualls_adapted,89,1.5,-0.22469512104839087,-0.20178938507699185,-0.23470507229020465,0.022905735971399017,0.03291568721321277
dualls_adapted,89,2.0,-0.22469512104839087,-0.24157414899175497,-0.23509931442359008,-0.016879027943364107,-0.006474834568164875
dualls_adapted,107,0.5,-0.3301302956461906,-0.4630699343193293,-0.40650944129231215,-0.13293963867313865,-0.05656049302701719
dualls_adapted,107,1.0,-0.3301302956461906,-0.3439423161760661,-0.35981012850845184,-0.013812020529875454,0.01586781233238572
dualls_adapted,107,1.5,-0.3301302956461906,-0.37008585633753033,-0.3503861279000389,-0.03995556069133971,-0.01969972843749145
dualls_adapted,107,2.0,-0.3301302956461906,-0.38253456943775577,-0.3456376941755863,-0.05240427379156511,-0.036896875262169435
finetune,7,0.5,15.581629800125956,23.050090321358038,15.98738341836397,7.4684605212320845,7.06270690299407
finetune,7,1.0,15.581629800125956,20.107120802428835,15.960879334967695,4.52549100230288,4.146241467461143
finetune,7,1.5,15.581629800125956,18.675299558269927,15.87887097077135,3.09366975814397,2.7964285874985735
finetune,7,2.0,15.581629800125956,17.973154327421213,15.825708154824884,2.391524527295258,2.14744617259633
finetune,11,0.5,27.282564518561212,32.52881125825534,27.591666017741243,5.24624673969412,4.937145240514091
finetune,11,1.0,27.282564518561212,30.734881133079334,27.629570992646865,3.452316614518119,3.1053101404324672
finetune,11,1.5,27.282564518561212,29.75191558130441,27.56091778746128,2.4693510627431983,2.190997793843139
finetune,11,2.0,27.282564518561212,29.238498285692923,27.519785514386875,1.955933767131711,1.7187127713060462
finetune,23,0.5,24.523931226311625,29.07289359978062,24.78785714462153,4.548962373468999,4.2850364551590925
finetune,23,1.0,24.523931226311625,27.134270391125586,24.778188282874254,2.610339164813965,2.356082108251333
finetune,23,1.5,24.523931226311625,26.27316763705349,24.7334003902618,1.7492364107418659,1.5397672467916883
finetune,23,2.0,24.523931226311625,25.787524862055797,24.684482152895207,1.2635936357441697,1.1030427091605879
finetune,47,0.5,17.32681603463292,22.616242641829466,17.537425690432464,5.289426607196546,5.078816951397002
finetune,47,1.0,17.32681603463292,20.515866896117217,17.578500033097765,3.1890508614842963,2.9373668630194514
finetune,47,1.5,17.32681603463292,19.47849175286122,17.54809851605673,2.151675718228298,1.930393236804489
finetune,47,2.0,17.32681603463292,18.972960919843565,17.507726545296133,1.6461448852106422,1.4652343745474297
finetune,59,0.5,17.352812798020246,24.114436699345248,17.71680101430809,6.761623901325004,6.397635685037156
finetune,59,1.0,17.352812798020246,21.646709135395184,17.74189423082288,4.2938963373749415,3.904814904572304
finetune,59,1.5,17.352812798020246,20.340057646171903,17.654196576032014,2.9872448481516565,2.685861070139885
finetune,59,2.0,17.352812798020246,19.691758075360276,17.615874425764975,2.338945277340031,2.0758836495953004
finetune,71,0.5,16.635204686632754,24.12406924592278,17.028427704327374,7.488864559290027,7.095641541595407
finetune,71,1.0,16.635204686632754,21.01928368195969,16.98983349414905,4.384078995326936,4.029450187810639
finetune,71,1.5,16.635204686632754,19.579424080033682,16.896380534752996,2.944219393400928,2.683043545280684
finetune,71,2.0,16.635204686632754,18.856188244400016,16.839017450141966,2.220983557767263,2.0171707942580475
finetune,89,0.5,23.78871559173614,28.971212379091707,24.120600605146656,5.18249678735557,4.850611773945053
finetune,89,1.0,23.78871559173614,27.46373450464809,24.175083351348825,3.675018912911953,3.288651153299263
finetune,89,1.5,23.78871559173614,26.489583127184055,24.100460611808437,2.700867535447918,2.3891225153756204
finetune,89,2.0,23.78871559173614,26.006558424142003,24.049362588480044,2.217842832405864,1.9571958356619572
finetune,107,0.5,13.25575552192554,19.353694617427678,13.572793887766002,6.097939095502137,5.780900729661676
finetune,107,1.0,13.25575552192554,17.04421677844278,13.570981447336516,3.7884612565172433,3.473235331106268
finetune,107,1.5,13.25575552192554,15.833046374883859,13.497410757087646,2.5772908529583196,2.335635617796212
finetune,107,2.0,13.25575552192554,15.234162255342005,13.459838565289857,1.9784067334164661,1.7743236900521477
gss_adapted,7,0.5,-0.25377799651622773,-0.34084729761709454,-0.2783550541379676,-0.08706930110086682,-0.06249224347912696
gss_adapted,7,1.0,-0.25377799651622773,-0.2568879372312113,-0.2697740495261307,-0.003109940714983572,0.012886112294919427
gss_adapted,7,1.5,-0.25377799651622773,-0.2727653344451107,-0.26347661343577167,-0.018987337928883,-0.009288721009339019
gss_adapted,7,2.0,-0.25377799651622773,-0.2790111536841159,-0.2635316303751435,-0.025233157167888202,-0.015479523308972454
gss_adapted,11,0.5,-0.2956096092805266,-0.2718433882459371,-0.34836203192058324,0.02376622103458954,0.07651864367464616
gss_adapted,11,1.0,-0.2956096092805266,-0.2272164600261294,-0.31233158425805485,0.06839314925439724,0.08511512423192545
gss_adapted,11,1.5,-0.2956096092805266,-0.2726882931801517,-0.3099203925781511,0.022921316100374938,0.03723209939799944
gss_adapted,11,2.0,-0.2956096092805266,-0.28597089322820024,-0.3060003884114406,0.009638716052326385,0.020029495183240393
gss_adapted,23,0.5,-0.3608047326438129,-0.4843238724401657,-0.4265848879598672,-0.12351913979635283,-0.05773898448029848
gss_adapted,23,1.0,-0.3608047326438129,-0.4148162125346352,-0.38679856369710885,-0.0540114798908223,-0.028017648837526297
gss_adapted,23,1.5,-0.3608047326438129,-0.42532391931278485,-0.37751641594712143,-0.064519186668972,-0.04780750336566347
gss_adapted,23,2.0,-0.3608047326438129,-0.43394061279361107,-0.37494833988342,-0.07313588014979822,-0.05899227291019114
gss_adapted,47,0.5,-0.17173267953246832,-0.4073857133185127,-0.2236978371175095,-0.23565303378604438,-0.1836878762010032
gss_adapted,47,1.0,-0.17173267953246832,-0.23375800332240596,-0.18898585885530375,-0.062025323789937616,-0.04477214446710219
gss_adapted,47,1.5,-0.17173267953246832,-0.2197962441847121,-0.1842209729324052,-0.048063564652243776,-0.03557527125230689
gss_adapted,47,2.0,-0.17173267953246832,-0.23586683435306624,-0.18828890167775972,-0.0641341548205979,-0.047577932675306515
gss_adapted,59,0.5,-0.24241149455308908,-0.427850563425904,-0.30513429771639883,-0.18543906887281492,-0.12271626570950522
gss_adapted,59,1.0,-0.24241149455308908,-0.23258270119474483,-0.2656804708115566,0.009828793358344304,0.0330977696168118
gss_adapted,59,1.5,-0.24241149455308908,-0.21721043766639286,-0.2606961637810711,0.025201056886696244,0.04348572611467818
gss_adapted,59,2.0,-0.24241149455308908,-0.22271901757580248,-0.2576303939426964,0.019692476977286648,0.034911376366893884
gss_adapted,71,0.5,0.39043616220653055,0.41495693063051664,0.3843611254761055,0.02452076842398614,0.030595805154411182
gss_adapted,71,1.0,0.39043616220653055,0.5382710514184176,0.40449835519487687,0.14783488921188698,0.13377269622354068
gss_adapted,71,1.5,0.39043616220653055,0.4639622983899976,0.3967357404687747,0.073526136183467,0.06722655792122284
gss_adapted,71,2.0,0.39043616220653055,0.42477778633334556,0.3969690548056037,0.034341624126814976,0.027808731527741836
gss_adapted,89,0.5,-0.4334124903589487,-0.46728600575367524,-0.4712696357235792,-0.033873515394726536,0.0039836299699039955
gss_adapted,89,1.0,-0.4334124903589487,-0.40539132359769825,-0.45244950232502584,0.02802116676125042,0.047058178727327545
gss_adapted,89,1.5,-0.4334124903589487,-0.43272920364551765,-0.4494415543740751,0.0006832867134309972,0.016712350728557424
gss_adapted,89,2.0,-0.4334124903589487,-0.45365544287258486,-0.4492442709945572,-0.020242952513636114,-0.004411171878027609
gss_adapted,107,0.5,0.2218976026467979,0.17605314188745042,0.1725814704441984,-0.04584446075934749,0.0034716714432520557
gss_adapted,107,1.0,0.2218976026467979,0.34271332000410926,0.2110222166331852,0.12081571735731136,0.13169110337092407
gss_adapted,107,1.5,0.2218976026467979,0.3157109160014283,0.216427713558664,0.09381331335463036,0.09928320244276426
gss_adapted,107,2.0,0.2218976026467979,0.2994818082862904,0.2176498539797207,0.07758420563949252,0.08183195430656977
reservoir,7,0.5,0.2099404112637043,0.4879432849375055,0.1349561584635832,0.2780028736738013,0.35298712647392233
reservoir,7,1.0,0.2099404112637043,0.35157460509868854,0.16828035911948042,0.14163419383498427,0.18329424597920813
reservoir,7,1.5,0.2099404112637043,0.3440141000998553,0.19246352961187352,0.13407368883615098,0.15155057048798176
reservoir,7,2.0,0.2099404112637043,0.28006654298069256,0.18969402268505062,0.07012613171698827,0.09037252029564194
reservoir,11,0.5,0.45006081741452214,1.6567239864114511,0.47054672295455857,1.206663168996929,1.1861772634568926
reservoir,11,1.0,0.45006081741452214,1.0363089268707104,0.4658400844349674,0.5862481094561882,0.570468842435743
reservoir,11,1.5,0.45006081741452214,0.8220976989887241,0.466474226448533,0.3720368815742019,0.3556234725401911
reservoir,11,2.0,0.45006081741452214,0.6974616038057158,0.4575691074312359,0.24740078639119362,0.23989249637447987
reservoir,23,0.5,-0.17951941275298594,-0.1184551716209555,-0.2683368477785473,0.061064241132030475,0.1498816761575918
reservoir,23,1.0,-0.17951941275298594,-0.16606230990908816,-0.20108261928323481,0.013457102843897834,0.035020309374146665
reservoir,23,1.5,-0.17951941275298594,-0.18581495570789971,-0.19401132916018873,-0.006295542954913763,0.008196373452288994
reservoir,23,2.0,-0.17951941275298594,-0.2164438185949388,-0.19294964426838693,-0.03692440584195285,-0.023494174326551865
reservoir,47,0.5,0.0484853487327695,0.44815752045267193,-0.023735170606965707,0.39967217171990244,0.4718926910596376
reservoir,47,1.0,0.0484853487327695,0.199850989005813,0.002672532710600195,0.1513656402730435,0.19717845629521283
reservoir,47,1.5,0.0484853487327695,0.13463437494895628,0.026700324105320018,0.08614902621618677,0.10793405084363625
reservoir,47,2.0,0.0484853487327695,0.0619159329006007,0.024096572852194166,0.0134305841678312,0.03781936004840654
reservoir,59,0.5,-0.0111079475313425,-0.025256969334653333,-0.09411357111406862,-0.014149021803310857,0.06885660177941529
reservoir,59,1.0,-0.0111079475313425,-0.07889365746552675,-0.05846716024775318,-0.06778570993418426,-0.020426497217773575
reservoir,59,1.5,-0.0111079475313425,-0.04531577509403746,-0.03214395987800449,-0.03420782756269498,-0.013171815216032983
reservoir,59,2.0,-0.0111079475313425,-0.03606402921038141,-0.030927754574481492,-0.02495608167903891,-0.005136274635899912
reservoir,71,0.5,0.8093040937140584,0.9868974175994442,0.7390673825633438,0.17759332388538582,0.2478300350361004
reservoir,71,1.0,0.8093040937140584,0.9190221222014779,0.7803262621133858,0.10971802848741954,0.1386958600880921
reservoir,71,1.5,0.8093040937140584,0.875652555356562,0.7965401440643214,0.06634846164250353,0.07911241129224053
reservoir,71,2.0,0.8093040937140584,0.7986409219427332,0.7918766814534163,-0.010663171771325275,0.0067642404893169085
reservoir,89,0.5,0.1382148812919855,0.5937929066711485,0.06035613082216971,0.455578025379163,0.5334367758489789
reservoir,89,1.0,0.1382148812919855,0.442507588772408,0.10546334825811983,0.3042927074804224,0.3370442405142881
reservoir,89,1.5,0.1382148812919855,0.3019891570194423,0.11467922129702113,0.1637742757274568,0.18730993572242116
reservoir,89,2.0,0.1382148812919855,0.20675523612312113,0.10777552212379889,0.0685403548311356,0.09897971399932223
reservoir,107,0.5,-0.26425327732414006,0.011778569991653188,-0.35242957144677073,0.2760318473157932,0.3642081414384239
reservoir,107,1.0,-0.26425327732414006,-0.1315109619202429,-0.29986312060969866,0.1327423154038972,0.16835215868945577
reservoir,107,1.5,-0.26425327732414006,-0.19995373980172704,-0.28211637142717383,0.06429953752241302,0.08216263162544676
reservoir,107,2.0,-0.26425327732414006,-0.24595583370248772,-0.2846610422436592,0.018297443621652337,0.038705208541171474
