method,threshold,metric,n_seeds,mean,ci_low,ci_high
finetune,0.5,overall,8,19.4684287722433,16.38813610276459,22.82559327914884
finetune,0.5,cpa,8,25.47893134537636,22.788254091887943,28.34636843282307
finetune,0.5,matched,8,19.792869435338417,16.72203457941893,23.142795592204976
finetune,0.5,cpa_minus_overall,8,6.010502573133061,5.287674959923132,6.752090390583639
finetune,0.5,cpa_minus_matched,8,5.686061910037943,5.009658160861836,6.392611610470785
finetune,1.0,overall,8,19.4684287722433,16.38813610276459,22.82559327914884
finetune,1.0,cpa,8,23.20826041539959,20.29858349467378,26.369911955341195
finetune,1.0,matched,8,19.803116395905484,16.72027996474015,23.15328792743824
finetune,1.0,cpa_minus_overall,8,3.739831643156292,3.3040191076194767,4.148980745805144
finetune,1.0,cpa_minus_matched,8,3.4051440194941085,2.997804263879611,3.788503200171817
finetune,1.5,overall,8,19.4684287722433,16.38813610276459,22.82559327914884
finetune,1.5,cpa,8,22.052623219720317,19.06782441992973,25.30588944116342
finetune,1.5,matched,8,19.733717018029033,16.64768470776194,23.09669748040124
finetune,1.5,cpa_minus_overall,8,2.584194447477019,2.2707800841481767,2.861652691232963
finetune,1.5,cpa_minus_matched,8,2.3189062016912865,2.026722220945415,2.5806626177534953
finetune,2.0,overall,8,19.4684287722433,16.38813610276459,22.82559327914884
finetune,2.0,cpa,8,21.470100674282225,18.44725727151276,24.749986305436405
finetune,2.0,matched,8,19.687724424634993,16.599113522371564,23.05113808459492
finetune,2.0,cpa_minus_overall,8,2.0016719020389258,1.7357494720089073,2.2292633124989853
finetune,2.0,cpa_minus_matched,8,1.7823762496472306,1.5375598060805806,1.9897844969263845
reservoir,0.5,overall,8,0.1501406143510714,-0.06262285363431087,0.3861202604701742
reservoir,0.5,cpa,8,0.5051976931385332,0.1483236800912591,0.9131349756275777
reservoir,0.5,matched,8,0.08328890423216287,-0.14432189657750247,0.33022809452538704
reservoir,0.5,cpa_minus_overall,8,0.3550570787874618,0.152252426700196,0.6260024594682512
reservoir,0.5,cpa_minus_matched,8,0.4219087889063704,0.23308229489242416,0.6671566001613923
reservoir,1.0,overall,8,0.1501406143510714,-0.06262285363431087,0.3861202604701742
reservoir,1.0,cpa,8,0.32159966283178,0.03213733940877304,0.6251420792655221
reservoir,1.0,matched,8,0.12039621081198337,-0.09778313525530155,0.36026906144751136
reservoir,1.0,cpa_minus_overall,8,0.1714590484807086,0.057180946574848575,0.3086876930063057
reservoir,1.0,cpa_minus_matched,8,0.2012034520197966,0.0932642934213485,0.3259172048348657
reservoir,1.5,overall,8,0.1501406143510714,-0.06262285363431087,0.3861202604701742
reservoir,1.5,cpa,8,0.25591292697623447,-0.007695788097921781,0.5304421565913987
reservoir,1.5,matched,8,0.13607322313271275,-0.0808325562267682,0.37449080056194034
reservoir,1.5,cpa_minus_overall,8,0.10577231262516304,0.03395653443319517,0.1940061042694865
reservoir,1.5,cpa_minus_matched,8,0.11983970384352169,0.05173237513187794,0.20012171992739275
reservoir,2.0,overall,8,0.1501406143510714,-0.06262285363431087,0.3861202604701742
reservoir,2.0,cpa,8,0.19329706953063192,-0.0525480534236007,0.45035733705023906
reservoir,2.0,matched,8,0.13280918318239604,-0.08231437163242569,0.36979118175608205
reservoir,2.0,cpa_minus_overall,8,0.043156455179560495,-0.006056084262550411,0.10904892313765838
reservoir,2.0,cpa_minus_matched,8,0.06048788634823589,0.013062489540552061,0.11929868955934128
gss_adapted,0.5,overall,8,-0.1431769047539681,-0.3127251971142879,0.0600769037272781
gss_adapted,0.5,cpa,8,-0.22606584603541527,-0.41889333987439126,0.008124650208830776
gss_adapted,0.5,matched,8,-0.1870576435819502,-0.3624768319748124,0.023627140595667034
gss_adapted,0.5,cpa_minus_overall,8,-0.08288894128144716,-0.14463050765246252,-0.02419021440119804
gss_adapted,0.5,cpa_minus_matched,8,-0.03900820245346506,-0.09499295570928462,0.014378365633945704
gss_adapted,1.0,overall,8,-0.1431769047539681,-0.3127251971142879,0.0600769037272781
gss_adapted,1.0,cpa,8,-0.11120853331053726,-0.32014858710425953,0.13059861091558728
gss_adapted,1.0,matched,8,-0.1575624322056398,-0.3330453675062442,0.052299780886761474
gss_adapted,1.0,cpa_minus_overall,8,0.03196837144343085,-0.016459795656064136,0.0823283444000389
gss_adapted,1.0,cpa_minus_matched,8,0.04635389889510256,0.002757484386050926,0.09002718851399509
gss_adapted,1.5,overall,8,-0.1431769047539681,-0.3127251971142879,0.0600769037272781
gss_adapted,1.5,cpa,8,-0.13260502725540552,-0.3297836527581,0.09965099720515819
gss_adapted,1.5,matched,8,-0.15401358237764462,-0.327875731821589,0.05394695979499245
gss_adapted,1.5,cpa_minus_overall,8,0.010571877498562596,-0.02471497564443712,0.046196274023852124
gss_adapted,1.5,cpa_minus_matched,8,0.021408555122239097,-0.011453578720703201,0.0541445500995264
gss_adapted,2.0,overall,8,-0.1431769047539681,-0.3127251971142879,0.0600769037272781
gss_adapted,2.0,cpa,8,-0.14836304498596808,-0.34116500716099996,0.07806726343828752
gss_adapted,2.0,matched,8,-0.15312812706246165,-0.3268161978284784,0.05444680775322359
gss_adapted,2.0,cpa_minus_overall,8,-0.0051861402319999875,-0.037882327398540375,0.027843838557489505
gss_adapted,2.0,cpa_minus_matched,8,0.004765082076493522,-0.024846787992413816,0.03499354964469057
cgsm_dual,0.5,overall,8,-0.20223811224969104,-0.2620678243310191,-0.14214386876486246
cgsm_dual,0.5,cpa,8,-0.2769186527140731,-0.3674728647290486,-0.19929858870505324
cgsm_dual,0.5,matched,8,-0.2490168627586024,-0.3130266348873663,-0.18353142662729888
cgsm_dual,0.5,cpa_minus_overall,8,-0.07468054046438206,-0.1401962274569052,0.004767534674157074
cgsm_dual,0.5,cpa_minus_matched,8,-0.02790178995547069,-0.08416404455109391,0.04244961406390811
cgsm_dual,1.0,overall,8,-0.20223811224969104,-0.2620678243310191,-0.14214386876486246
cgsm_dual,1.0,cpa,8,-0.1844574441977993,-0.2657532469844438,-0.10659247331279152
cgsm_dual,1.0,matched,8,-0.21889504277979777,-0.2811189409142863,-0.15659785295525275
cgsm_dual,1.0,cpa_minus_overall,8,0.01778066805189174,-0.027026609286019534,0.06284004232576713
cgsm_dual,1.0,cpa_minus_matched,8,0.03443759858199848,-0.0017916485956096027,0.0705039312968887
cgsm_dual,1.5,overall,8,-0.20223811224969104,-0.2620678243310191,-0.14214386876486246
cgsm_dual,1.5,cpa,8,-0.20954929691402907,-0.2806350759926108,-0.1346286892096208
cgsm_dual,1.5,matched,8,-0.21658762719879757,-0.2765600957364833,-0.15575719293912527
cgsm_dual,1.5,cpa_minus_overall,8,-0.007311184664338036,-0.036226139124678654,0.019257130403340005
cgsm_dual,1.5,cpa_minus_matched,8,0.007038330284768465,-0.018192334589789895,0.029193637873749477
cgsm_dual,2.0,overall,8,-0.20223811224969104,-0.2620678243310191,-0.14214386876486246
cgsm_dual,2.0,cpa,8,-0.22061418656411858,-0.2926339249848504,-0.14354289805633824
cgsm_dual,2.0,matched,8,-0.2175220167146446,-0.27845152433011344,-0.1565925090991758
cgsm_dual,2.0,cpa_minus_overall,8,-0.01837607431442751,-0.044919954094867,0.0065747728058063075
cgsm_dual,2.0,cpa_minus_matched,8,-0.003092169849473919,-0.025817181087492952,0.01986109350288451
dualls_adapted,0.5,overall,8,-0.17543784446185454,-0.2334813180215843,-0.12427370886430142
dualls_adapted,0.5,cpa,8,-0.19196302908982288,-0.29474498956075756,-0.09411834002743444
dualls_adapted,0.5,matched,8,-0.22552988621086964,-0.2884950979102579,-0.1721912086103185
dualls_adapted,0.5,cpa_minus_overall,8,-0.01652518462796833,-0.08944069639560656,0.0603968188594668
dualls_adapted,0.5,cpa_minus_matched,8,0.03356685712104675,-0.032092173993029736,0.1037829590953852
dualls_adapted,1.0,overall,8,-0.17543784446185454,-0.2334813180215843,-0.12427370886430142
dualls_adapted,1.0,cpa,8,-0.13432015554277826,-0.2089821886595513,-0.06948826948223731
dualls_adapted,1.0,matched,8,-0.18815221288982337,-0.24952556314180294,-0.13535761363873555
dualls_adapted,1.0,cpa_minus_overall,8,0.041117688919076266,0.009478270302779493,0.07678810978997788
dualls_adapted,1.0,cpa_minus_matched,8,0.05383205734704512,0.026577893736471972,0.08548945479642431
dualls_adapted,1.5,overall,8,-0.17543784446185454,-0.2334813180215843,-0.12427370886430142
dualls_adapted,1.5,cpa,8,-0.1640906583189695,-0.23507097401535168,-0.10490576623436396
dualls_adapted,1.5,matched,8,-0.18213098540058645,-0.24357124755485335,-0.12863183040019865
dualls_adapted,1.5,cpa_minus_overall,8,0.011347186142885064,-0.013022617693763847,0.03657542155250523
dualls_adapted,1.5,cpa_minus_matched,8,0.018040327081616972,-0.0019166737426504908,0.03910782783649503
dualls_adapted,2.0,overall,8,-0.17543784446185454,-0.2334813180215843,-0.12427370886430142
dualls_adapted,2.0,cpa,8,-0.19809777749954807,-0.26337473466319794,-0.1435490059233484
dualls_adapted,2.0,matched,8,-0.1820150506689362,-0.24264108999235567,-0.1295011040605945
dualls_adapted,2.0,cpa_minus_overall,8,-0.02265993303769352,-0.03809090324723731,-0.0076957775182499135
dualls_adapted,2.0,cpa_minus_matched,8,-0.016082726830611845,-0.028651066622274367,-0.0035854072177223233
