method,seed,stratum_name,overall,stratum,matched,stratum_minus_overall,stratum_minus_matched,cpa_matched,stratum_minus_cpa_matched
cgsm_dual,7,new_0_3s,-0.2906296587258578,0.0738244061018882,-0.24899881090005632,0.36445406482774595,0.3228232170019445,-0.2128710555862904,0.2866954616881786
cgsm_dual,7,new_3_5s,-0.2906296587258578,-0.0674219148048572,-0.2464464735441882,0.2232077439210005,0.17902455873933104,-0.2204629983483704,0.15304108354351317
cgsm_dual,7,new_5_10s,-0.2906296587258578,-0.014742758437085113,-0.25454105558145323,0.2758869002887726,0.2397982971443681,-0.19055840733362578,0.17581564889654064
cgsm_dual,7,no_entry_10s,-0.2906296587258578,-0.2780849309314387,-0.2693983077626926,0.012544727794419026,-0.008686623168746094,,
cgsm_dual,7,ongoing,-0.2906296587258578,-0.41903245321519333,-0.3456965093132195,-0.12840279448933564,-0.07333594390197382,-0.3301162995996861,-0.08891615361550724
cgsm_dual,7,within_10s,-0.2906296587258578,-0.2938516795045819,-0.31864331840024673,-0.003222020778724172,0.024791638895664842,,
cgsm_dual,7,within_3s,-0.2906296587258578,-0.3574705067934831,-0.3349533957462826,-0.06684084806762536,-0.022517111047200507,,
cgsm_dual,7,within_5s,-0.2906296587258578,-0.33787192644213065,-0.3289113157812934,-0.04724226771627292,-0.008960610660837259,,
cgsm_dual,11,new_0_3s,-0.29844335717856885,0.08651883055258067,-0.2527755321585601,0.3849621877311495,0.3392943627111408,-0.2998054828970358,0.3863243134496165
cgsm_dual,11,new_3_5s,-0.29844335717856885,0.0322244469654452,-0.2759383066052818,0.330667804144014,0.3081627535707269,-0.31699188469130263,0.34921633165674787
cgsm_dual,11,new_5_10s,-0.29844335717856885,0.12065855035841977,-0.20627334912230158,0.4191019075369886,0.3269318994807213,-0.21877856537008883,0.33943711572850865
cgsm_dual,11,no_entry_10s,-0.29844335717856885,-0.19804517067862862,-0.2702856568946806,0.10039818649994019,0.07224048621605197,,
cgsm_dual,11,ongoing,-0.29844335717856885,-0.6030962157725159,-0.3728906288330943,-0.304652858593947,-0.23020558693942156,-0.44922061032101235,-0.1538756054515035
cgsm_dual,11,within_10s,-0.29844335717856885,-0.39435616561671283,-0.3322208279802969,-0.09591280843814401,-0.06213533763641597,,
cgsm_dual,11,within_3s,-0.29844335717856885,-0.5140628845726891,-0.3576202706162162,-0.21561952739412024,-0.15644261395647288,,
cgsm_dual,11,within_5s,-0.29844335717856885,-0.4768201693302185,-0.3523224263739545,-0.17837681215164966,-0.124497742956264,,
cgsm_dual,23,new_0_3s,-0.1577840863801539,0.1690841614811959,-0.1855051623055823,0.3268682478613498,0.3545893237867782,-0.16936377694730348,0.3384479384284994
cgsm_dual,23,new_3_5s,-0.1577840863801539,0.1405001485023702,-0.15932985888054446,0.2982842348825241,0.29983000738291465,-0.13224446944039325,0.27274461794276345
cgsm_dual,23,new_5_10s,-0.1577840863801539,-0.00022362663101146152,-0.10046821986316361,0.15756045974914243,0.10024459323215215,-0.07323062832803134,0.07300700169701987
cgsm_dual,23,no_entry_10s,-0.1577840863801539,-0.13683542129702428,-0.13281257869332458,0.0209486650831296,-0.004022842603699704,,
cgsm_dual,23,ongoing,-0.1577840863801539,-0.3177659061280183,-0.22106707791713975,-0.1599818197478644,-0.09669882821087852,-0.2341850870166678,-0.08358081911135054
cgsm_dual,23,within_10s,-0.1577840863801539,-0.19808387424692392,-0.19628708296482172,-0.040299787866770034,-0.001796791282102185,,
cgsm_dual,23,within_3s,-0.1577840863801539,-0.25681135649189546,-0.21614333195956167,-0.09902727011174157,-0.04066802453233378,,
cgsm_dual,23,within_5s,-0.1577840863801539,-0.23097854106240373,-0.21242296599257932,-0.07319445468224982,-0.018555575069824394,,
cgsm_dual,47,new_0_3s,-0.32371833509504794,-0.028582974559364947,-0.3142523878257621,0.295135360535683,0.28566941326639717,-0.19098272570341807,0.16239975114405308
cgsm_dual,47,new_3_5s,-0.32371833509504794,-0.07617076647738626,-0.30623403441680813,0.24754756861766172,0.23006326793942183,-0.12042336734953556,0.04425260087214931
cgsm_dual,47,new_5_10s,-0.32371833509504794,-0.027369314820799927,-0.2419362474746042,0.29634902027424803,0.21456693265380428,-0.08502362062205329,0.057654305801253344
cgsm_dual,47,no_entry_10s,-0.32371833509504794,-0.4082167069392158,-0.3234560454863889,-0.08449837184416786,-0.08476066145282693,,
cgsm_dual,47,ongoing,-0.32371833509504794,-0.26942040165759357,-0.34574648759983045,0.05429793343745439,0.0763260859422369,-0.2317626758561083,-0.03765772580148523
cgsm_dual,47,within_10s,-0.32371833509504794,-0.19975506503790372,-0.32502656744095254,0.12396327005714422,0.12527150240304882,,
cgsm_dual,47,within_3s,-0.32371833509504794,-0.23507867874731825,-0.3405688765363851,0.0886396563477297,0.10549019778906685,,
cgsm_dual,47,within_5s,-0.32371833509504794,-0.22559306883388555,-0.3383180523665731,0.09812526626116239,0.11272498353268753,,
cgsm_dual,59,new_0_3s,-0.20999029160588983,-0.028008811480197838,-0.20179317485849974,0.18198148012569196,0.17378436337830191,-0.2261510425927232,0.19814223111252538
cgsm_dual,59,new_3_5s,-0.20999029160588983,-0.06473533895101172,-0.25739865438652076,0.14525495265487806,0.192663315435509,-0.24900495498864195,0.18426961603763026
cgsm_dual,59,new_5_10s,-0.20999029160588983,0.006761544966797831,-0.1739703377012396,0.21675183657268765,0.18073188266803747,-0.14105394034237745,0.1478154853091753
cgsm_dual,59,no_entry_10s,-0.20999029160588983,-0.19840054072320062,-0.19825435527792937,0.011589750882689143,-0.00014618544527128519,,
cgsm_dual,59,ongoing,-0.20999029160588983,-0.31488682990047095,-0.2422179886450425,-0.10489653829458115,-0.0726688412554284,-0.2376731434542517,-0.07721368644621926
cgsm_dual,59,within_10s,-0.20999029160588983,-0.22293398040740584,-0.22962250118260702,-0.01294368880151599,0.006688520775201184,,
cgsm_dual,59,within_3s,-0.20999029160588983,-0.2747046395297423,-0.23741720910641378,-0.06471434792385247,-0.037287430423328466,,
cgsm_dual,59,within_5s,-0.20999029160588983,-0.2601569909663787,-0.23874333190825953,-0.05016669936048888,-0.021413659058119157,,
cgsm_dual,71,new_0_3s,-0.16163586623668671,0.26125908452631413,-0.10120751228632063,0.4228949507630008,0.3624665968126347,-0.05871843823951236,0.31997752276582647
cgsm_dual,71,new_3_5s,-0.16163586623668671,0.19259302925706195,-0.14226895392112965,0.3542288954937486,0.33486198317819155,-0.029768365576586603,0.22236139483364853
cgsm_dual,71,new_5_10s,-0.16163586623668671,0.4086359101582203,-0.013159229839861031,0.5702717763949069,0.4217951399980813,0.09704319401375155,0.3115927161444687
cgsm_dual,71,no_entry_10s,-0.16163586623668671,-0.20679926271854407,-0.17182355090045642,-0.04516339648185737,-0.034975711818087646,,
cgsm_dual,71,ongoing,-0.16163586623668671,-0.25092758792646563,-0.17417581833355134,-0.0892917216897789,-0.07675176959291427,-0.11775619988294675,-0.13317138804351886
cgsm_dual,71,within_10s,-0.16163586623668671,-0.0765406045671517,-0.1428132611416369,0.08509526166953502,0.06627265657448522,,
cgsm_dual,71,within_3s,-0.16163586623668671,-0.1780729506071886,-0.16535392946209204,-0.016437084370501936,-0.012719021145096593,,
cgsm_dual,71,within_5s,-0.16163586623668671,-0.15296246468767566,-0.16340590009467076,0.008673401549011061,0.010443435406995095,,
cgsm_dual,89,new_0_3s,-0.07998877597004175,0.2779994212245501,-0.03710116533339567,0.35798819719459185,0.3151005865579458,-0.019263024237218002,0.29726244546176817
cgsm_dual,89,new_3_5s,-0.07998877597004175,0.1103590106267226,-0.13241829388504217,0.19034778659676438,0.24277730451176477,-0.05344612126233581,0.1638051318890584
cgsm_dual,89,new_5_10s,-0.07998877597004175,0.4718401513077407,-0.03688296323070349,0.5518289272777824,0.5087231145384441,0.06449627361565599,0.4073438776920847
cgsm_dual,89,no_entry_10s,-0.07998877597004175,-0.10253472088555586,-0.06446138289576252,-0.022545944915514104,-0.03807333798979333,,
cgsm_dual,89,ongoing,-0.07998877597004175,-0.20350083227178267,-0.12669476472936755,-0.12351205630174092,-0.07680606754241506,-0.06255577618950248,-0.14094505608228017
cgsm_dual,89,within_10s,-0.07998877597004175,-0.03874610812485418,-0.10507743290089203,0.04124266784518758,0.06633132477603783,,
cgsm_dual,89,within_3s,-0.07998877597004175,-0.13841930442365333,-0.11503693729158723,-0.058430528453611574,-0.023382367132066095,,
cgsm_dual,89,within_5s,-0.07998877597004175,-0.12004075786262287,-0.11588857092437252,-0.0400519818925811,-0.004152186938250346,,
cgsm_dual,107,new_0_3s,-0.09571452680528166,0.37082011079087657,-0.0672745752267784,0.46653463759615815,0.438094686017655,-0.03903048965571524,0.4098506004465918
cgsm_dual,107,new_3_5s,-0.09571452680528166,0.390735002400273,-0.1297460521476815,0.48644952920555456,0.5204810545479545,-0.06530584127290731,0.45604084367318026
cgsm_dual,107,new_5_10s,-0.09571452680528166,0.3362517668952831,-0.014592747583115791,0.4319662937005647,0.3508445144783988,0.0820510328907334,0.2542007340045497
cgsm_dual,107,no_entry_10s,-0.09571452680528166,-0.12454063542819312,-0.09264402509791636,-0.028826108622911472,-0.031896610330276735,,
cgsm_dual,107,ongoing,-0.09571452680528166,-0.22218658027707833,-0.12125721122893914,-0.12647205347179666,-0.1009293690481392,-0.07782274041273173,-0.1443638398643466
cgsm_dual,107,within_10s,-0.09571452680528166,-0.05139207607686029,-0.10146935022692835,0.044322450728421336,0.05007727415006804,,
cgsm_dual,107,within_3s,-0.09571452680528166,-0.1470572646879546,-0.11401217425742997,-0.051342737882672976,-0.03304509043052464,,
cgsm_dual,107,within_5s,-0.09571452680528166,-0.1110958689611973,-0.11504382132472968,-0.015381342155915644,0.003947952363532367,,
dualls_adapted,7,new_0_3s,-0.23980218310654164,0.08666009747553204,-0.22758525483478942,0.32646228058207366,0.3142453523103215,-0.16124047176999823,0.24790056924553028
dualls_adapted,7,new_3_5s,-0.23980218310654164,-0.03235413879213389,-0.25608406950835955,0.20744804431440772,0.22372993071622566,-0.2158780251585653,0.18352388636643133
dualls_adapted,7,new_5_10s,-0.23980218310654164,0.05095789924506535,-0.15480323661544257,0.290760082351607,0.20576113586050795,-0.0573959011217305,0.10835380036679587
dualls_adapted,7,no_entry_10s,-0.23980218310654164,-0.26727540137390865,-0.23891310930354281,-0.02747321826736702,-0.028362292070365856,,
dualls_adapted,7,ongoing,-0.23980218310654164,-0.2836493907920111,-0.26463421493693484,-0.04384720768546949,-0.019015175855076345,-0.21756227034051437,-0.06608712045149677
dualls_adapted,7,within_10s,-0.23980218310654164,-0.18917866570934963,-0.24450624823109574,0.05062351739719199,0.055327582521746056,,
dualls_adapted,7,within_3s,-0.23980218310654164,-0.23830256144655942,-0.25945708996902084,0.0014996216599822282,0.021154528522461434,,
dualls_adapted,7,within_5s,-0.23980218310654164,-0.22667446023476012,-0.2591579845486208,0.013127722871781503,0.032483524313860715,,
dualls_adapted,11,new_0_3s,-0.08281336599886417,0.11133992934718437,-0.070418087986256,0.19415329534604855,0.18175801733344038,-0.026490624136775727,0.13783055348396012
dualls_adapted,11,new_3_5s,-0.08281336599886417,0.23216266702967064,-0.07666199259972513,0.31497603302853483,0.3088246596293958,-0.07121549347241929,0.30337816050208993
dualls_adapted,11,new_5_10s,-0.08281336599886417,0.2839128700177814,-0.0029742218985235325,0.36672623601664556,0.28688709191630485,0.061568833734366724,0.22234403628341465
dualls_adapted,11,no_entry_10s,-0.08281336599886417,-0.08487414334314083,-0.07255673346591855,-0.002060777344276651,-0.012317409877222282,,
dualls_adapted,11,ongoing,-0.08281336599886417,-0.17569755049337277,-0.12349690241325298,-0.09288418449450857,-0.052200648080119816,-0.08831754291145334,-0.08738000758191941
dualls_adapted,11,within_10s,-0.08281336599886417,-0.059190670665371536,-0.09880357325401493,0.02362269533349266,0.03961290258864339,,
dualls_adapted,11,within_3s,-0.08281336599886417,-0.13757431728152902,-0.11726182777710388,-0.05476095128266484,-0.02031248950442513,,
dualls_adapted,11,within_5s,-0.08281336599886417,-0.11319147927260995,-0.11445208672047998,-0.03037811327374577,0.0012606074478700325,,
dualls_adapted,23,new_0_3s,-0.1518256914153695,-0.06483921409446361,-0.18997632379337004,0.0869864773209059,0.1251371096989064,-0.11059318585241455,0.045753971757950956
dualls_adapted,23,new_3_5s,-0.1518256914153695,0.16613597346413733,-0.16401018830845787,0.31796166487950683,0.3301461617725952,-0.057467214550712464,0.22360318801484977
dualls_adapted,23,new_5_10s,-0.1518256914153695,0.05993958535775088,-0.06501223107084193,0.2117652767731204,0.12495181642859281,0.05341667392160515,0.006522911436145734
dualls_adapted,23,no_entry_10s,-0.1518256914153695,-0.20660543204687354,-0.1472826369031627,-0.05477974063150404,-0.05932279514371084,,
dualls_adapted,23,ongoing,-0.1518256914153695,-0.11354254545156577,-0.17770775848692583,0.03828314596380378,0.06416521303536007,-0.09100227735514994,-0.022540268096415794
dualls_adapted,23,within_10s,-0.1518256914153695,-0.06981475986225272,-0.16176876567171333,0.08201093155311678,0.09195400580946063,,
dualls_adapted,23,within_3s,-0.1518256914153695,-0.11003257295041076,-0.17902531955170464,0.04179311846495874,0.06899274660129384,,
dualls_adapted,23,within_5s,-0.1518256914153695,-0.09193829295667463,-0.17779650068422675,0.059887398458694875,0.08585820772755215,,
dualls_adapted,47,new_0_3s,-0.1418491678878665,0.08112891225658356,-0.14986262608570128,0.22297808014445009,0.23099153834228484,-0.012222800018273815,0.09335171227485736
dualls_adapted,47,new_3_5s,-0.1418491678878665,0.11099037237298717,-0.16392057192020815,0.25283954026085365,0.2749109442931953,-0.032812849618157225,0.1438032219911444
dualls_adapted,47,new_5_10s,-0.1418491678878665,0.02449516738842849,-0.04654270003844124,0.166344335276295,0.07103786742686974,0.10675257465296906,-0.08225740726454055
dualls_adapted,47,no_entry_10s,-0.1418491678878665,-0.24650800812419688,-0.1448002717467392,-0.10465884023633039,-0.10170773637745764,,
dualls_adapted,47,ongoing,-0.1418491678878665,-0.03118503913403987,-0.16188205757672003,0.11066412875382663,0.13069701844268014,-0.02435922370785897,-0.006825815426180904
dualls_adapted,47,within_10s,-0.1418491678878665,-0.004454284043606071,-0.14440150998231222,0.1373948838442604,0.13994722593870618,,
dualls_adapted,47,within_3s,-0.1418491678878665,-0.016978873710427066,-0.15994527159262886,0.12487029417743942,0.14296639788220178,,
dualls_adapted,47,within_5s,-0.1418491678878665,-0.008371212867061783,-0.15982418063471834,0.13347795502080473,0.15145296776765657,,
dualls_adapted,59,new_0_3s,-0.08499855443313718,0.0940086807748591,-0.04185706196195748,0.17900723520799627,0.13586574273681656,0.023062877082735127,0.07094580369212397
dualls_adapted,59,new_3_5s,-0.08499855443313718,0.1525519337779828,-0.07304235306788154,0.23755048821112,0.22559428684586433,-0.04502635380228547,0.19757828758026824
dualls_adapted,59,new_5_10s,-0.08499855443313718,0.04767622737228131,-0.030364692307862477,0.1326747818054185,0.07804091968014379,0.05044109248931068,-0.0027648651170293567
dualls_adapted,59,no_entry_10s,-0.08499855443313718,-0.10075213737422173,-0.0790642192245262,-0.015753582941084532,-0.021687918149695506,,
dualls_adapted,59,ongoing,-0.08499855443313718,-0.13011159859651644,-0.11555595215460676,-0.04511304416337924,-0.014555646441909676,-0.1031333850201909,-0.026978213576325544
dualls_adapted,59,within_10s,-0.08499855443313718,-0.06514756877655739,-0.09378273052774042,0.019850985656579778,0.028635161751183035,,
dualls_adapted,59,within_3s,-0.08499855443313718,-0.1016042057316732,-0.10630337026060084,-0.01660565129853603,0.004699164528927624,,
dualls_adapted,59,within_5s,-0.08499855443313718,-0.08372609045251936,-0.10403135754083734,0.0012724639806177996,0.02030526708831796,,
dualls_adapted,71,new_0_3s,-0.14738837615847586,0.39424118019706145,-0.08049923062656283,0.5416295563555373,0.47474041082362434,-0.013761697113310056,0.4080028773103715
dualls_adapted,71,new_3_5s,-0.14738837615847586,0.21686441412419427,-0.18796836947439827,0.3642527902826701,0.40483278359859254,-0.14049859755826616,0.35736301168246043
dualls_adapted,71,new_5_10s,-0.14738837615847586,0.20364790517057033,-0.07345101754838346,0.35103628132904613,0.27709892271895376,-0.006923732123338344,0.2105716372939086
dualls_adapted,71,no_entry_10s,-0.14738837615847586,-0.1111559668320363,-0.13461794931616966,0.036232409326439556,0.023461982484133354,,
dualls_adapted,71,ongoing,-0.14738837615847586,-0.3574257019691542,-0.19385274581933046,-0.2100373258106783,-0.16357295614982376,-0.22207618804334447,-0.13534951392580977
dualls_adapted,71,within_10s,-0.14738837615847586,-0.16728588916159742,-0.16528599969279328,-0.019897513003121547,-0.001999889468804128,,
dualls_adapted,71,within_3s,-0.14738837615847586,-0.25721972952915245,-0.18008611635971114,-0.10983135337067658,-0.07713361316944131,,
dualls_adapted,71,within_5s,-0.14738837615847586,-0.22454111475171074,-0.1800887345031455,-0.07715273859323483,-0.044452380248565196,,
dualls_adapted,89,new_0_3s,-0.22469512104839087,-0.01210119955288258,-0.1872221583674957,0.2125939214955083,0.17512095881461312,-0.1283484534384342,0.11624725388555161
dualls_adapted,89,new_3_5s,-0.22469512104839087,-0.09914828427897562,-0.2623799780462659,0.12554683676941525,0.16323169376729024,-0.22659696435455098,0.12744868007557536
dualls_adapted,89,new_5_10s,-0.22469512104839087,-0.033833718107923905,-0.18575048547264486,0.19086140294046697,0.15191676736472096,-0.10153039591950246,0.06769667781157852
dualls_adapted,89,no_entry_10s,-0.22469512104839087,-0.23996574579385604,-0.217600917530187,-0.015270624745465191,-0.022364828263669107,,
dualls_adapted,89,ongoing,-0.22469512104839087,-0.2448065484667016,-0.2518368393695282,-0.020111427418310717,0.007030290902826692,-0.19376571122705005,-0.05104083723965156
dualls_adapted,89,within_10s,-0.22469512104839087,-0.17554708994742535,-0.23685874725046546,0.049148031100965515,0.06131165730304007,,
dualls_adapted,89,within_3s,-0.22469512104839087,-0.20775522938636323,-0.2440388196839575,0.016939891662027685,0.03628359029759427,,
dualls_adapted,89,within_5s,-0.22469512104839087,-0.19962100521668752,-0.24532657151107737,0.025074115831703315,0.04570556629438986,,
dualls_adapted,107,new_0_3s,-0.3301302956461906,0.10605698566440729,-0.348190484945986,0.4361872813105979,0.4542474706103932,-0.3177407796525062,0.4237977653169135
dualls_adapted,107,new_3_5s,-0.3301302956461906,-0.10922155399415345,-0.3561860166129722,0.22090874165203722,0.24696446261881877,-0.3118371030255913,0.20261554903143786
dualls_adapted,107,new_5_10s,-0.3301302956461906,0.12213224031949435,-0.2389054405591037,0.452262535965685,0.3610376808785981,-0.1692523947650017,0.2913846350844961
dualls_adapted,107,no_entry_10s,-0.3301302956461906,-0.31926919739870435,-0.31318111369132984,0.010861098247486291,-0.0060880837073744865,,
dualls_adapted,107,ongoing,-0.3301302956461906,-0.5180652093219786,-0.3843669840827224,-0.18793491367578807,-0.13369822523925629,-0.38343942639925377,-0.134625782922725
dualls_adapted,107,within_10s,-0.3301302956461906,-0.3439423161760662,-0.3598101285084518,-0.013812020529875476,0.01586781233238572,,
dualls_adapted,107,within_3s,-0.3301302956461906,-0.43876016234276466,-0.3813207906769986,-0.10862986669657401,-0.057439371665766084,,
dualls_adapted,107,within_5s,-0.3301302956461906,-0.4172269253301367,-0.37938994856897057,-0.08709662968394602,-0.037836976761166055,,
finetune,7,new_0_3s,15.581629800125956,14.62770855592466,15.545342783698027,-0.953921244201298,-0.9176342277733678,19.590018370480653,-4.962309814555995
finetune,7,new_3_5s,15.581629800125956,14.772828740160417,16.004200667277736,-0.8088010599655382,-1.2313719271173198,19.772124834153047,-4.99929609399263
finetune,7,new_5_10s,15.581629800125956,15.773044271602924,16.08110295435774,0.1914144714769686,-0.30805868275481246,19.9956464162624,-4.2226021446594775
finetune,7,no_entry_10s,15.581629800125956,12.790949786642134,15.363049177035094,-2.7906800134838208,-2.5720993903929577,,
finetune,7,ongoing,15.581629800125956,22.01498707726197,15.974882899390092,6.4333572771360155,6.040104177871877,20.21230425568094,1.8026828215810298
finetune,7,within_10s,15.581629800125956,20.107120802428835,15.960879334967695,4.52549100230288,4.146241467461143,,
finetune,7,within_3s,15.581629800125956,21.239503917052353,15.9362995184709,5.657874116926399,5.303204398581455,,
finetune,7,within_5s,15.581629800125956,20.808754303764914,15.944622757663813,5.227124503638956,4.864131546101097,,
finetune,11,new_0_3s,27.282564518561212,26.67676359425542,27.369563251525506,-0.6058009243057926,-0.6927996572700821,30.61540637091789,-3.938642776662461
finetune,11,new_3_5s,27.282564518561212,26.919587448720534,27.84493888564765,-0.36297706984067807,-0.9253514369271088,30.64992680427385,-3.7303393555533164
finetune,11,new_5_10s,27.282564518561212,28.50835851676311,27.91657486237047,1.2257939982018957,0.5917836543926369,30.88579812202778,-2.3774396052646716
finetune,11,no_entry_10s,27.282564518561212,25.146292234759574,27.091437711464277,-2.1362722838016404,-1.9451454767047003,,
finetune,11,ongoing,27.282564518561212,31.929753498096737,27.57596829360973,4.647188979535526,4.353785204487009,30.722805842516287,1.2069476555804513
finetune,11,within_10s,27.282564518561212,30.734881133079334,27.62957099264687,3.452316614518119,3.1053101404324672,,
finetune,11,within_3s,27.282564518561212,31.39300185363313,27.566194382387856,4.110437335071914,3.8268074712452758,,
finetune,11,within_5s,27.282564518561212,31.09789997361249,27.587354888306542,3.8153354550512733,3.5105450853059437,,
finetune,23,new_0_3s,24.523931226311625,22.816232706093746,24.28649318790823,-1.7076985202178776,-1.4702604818144864,26.599574521789698,-3.783341815695951
finetune,23,new_3_5s,24.523931226311625,22.78114343505943,24.804514974340584,-1.742787791252193,-2.0233715392811567,27.024845683280528,-4.2437022482210995
finetune,23,new_5_10s,24.523931226311625,24.367479536010165,24.97326176901509,-0.15645169030146006,-0.6057822330049281,27.21381174539342,-2.846332209383256
finetune,23,no_entry_10s,24.523931226311625,22.88063191499683,24.379473672926927,-1.6432993113147951,-1.4988417579301,,
finetune,23,ongoing,24.523931226311625,28.520234442997697,24.78107623722421,3.9963032166860715,3.7391582057734865,27.18099615225926,1.3392382907384281
finetune,23,within_10s,24.523931226311625,27.134270391125586,24.778188282874254,2.610339164813965,2.356082108251333,,
finetune,23,within_3s,24.523931226311625,27.922817871700467,24.741506092862473,3.3988866453888447,3.181311778837996,,
finetune,23,within_5s,24.523931226311625,27.58603819198845,24.74969991489393,3.062106965676825,2.836338277094517,,
finetune,47,new_0_3s,17.32681603463292,16.15632061910846,17.224265926131803,-1.1704954155244605,-1.067945307023344,20.156868861624737,-4.000548242516278
finetune,47,new_3_5s,17.32681603463292,16.254529281133028,17.637749468322113,-1.0722867534998932,-1.3832201871890872,20.3650288502807,-4.1104995691476764
finetune,47,new_5_10s,17.32681603463292,17.87069710318235,17.661319256000006,0.5438810685494274,0.20937784718234614,20.393750482263233,-2.5230533790808836
finetune,47,no_entry_10s,17.32681603463292,15.395241066217697,17.189532234942583,-1.9315749684152266,-1.7942911687248873,,
finetune,47,ongoing,17.32681603463292,21.869194984943157,17.58313522205784,4.542378950310235,4.2860597628853165,20.58106200084693,1.288132984096228
finetune,47,within_10s,17.32681603463292,20.515866896117217,17.578500033097765,3.1890508614842963,2.9373668630194514,,
finetune,47,within_3s,17.32681603463292,21.280576216225423,17.559926573127598,3.9537601815925014,3.7206496430978264,,
finetune,47,within_5s,17.32681603463292,20.94696305647895,17.567707160260966,3.6201470218460265,3.3792558962179813,,
finetune,59,new_0_3s,17.352812798020246,16.906584466751468,17.452275144507382,-0.4462283312687763,-0.5456906777559143,21.255430094331523,-4.348845627580057
finetune,59,new_3_5s,17.352812798020246,16.986232945536457,17.802016844134847,-0.36657985248378544,-0.8157838985983901,21.425075033466445,-4.438842087929986
finetune,59,new_5_10s,17.352812798020246,18.205424224565597,18.069752343770283,0.8526114265453566,0.13567188079531828,21.871248471083305,-3.665824246517707
finetune,59,no_entry_10s,17.352812798020246,14.684086786786173,17.122798743558526,-2.668726011234071,-2.4387119567723547,,
finetune,59,ongoing,17.352812798020246,23.234412180079392,17.69684158127028,5.881599382059146,5.53757059880911,21.651372751498855,1.5830394285805331
finetune,59,within_10s,17.352812798020246,21.646709135395188,17.741894230822883,4.2938963373749415,3.904814904572304,,
finetune,59,within_3s,17.352812798020246,22.57840865928501,17.682141216461794,5.22559586126477,4.896267442823222,,
finetune,59,within_5s,17.352812798020246,22.206970089943827,17.69282285635105,4.854157291923585,4.5141472335927775,,
finetune,71,new_0_3s,16.635204686632754,15.136758969104495,16.38556674099524,-1.4984457175282595,-1.2488077718907493,20.36645741946753,-5.229698450363038
finetune,71,new_3_5s,16.635204686632754,14.938253968403625,17.008017573896534,-1.696950718229126,-2.06976360549291,20.756322554561013,-5.818068586157386
finetune,71,new_5_10s,16.635204686632754,16.542556390515664,16.936722789336194,-0.09264829611709073,-0.39416639882052873,20.71935880923078,-4.176802418715118
finetune,71,no_entry_10s,16.635204686632754,13.903264707442816,16.429456767202772,-2.7319399791899377,-2.526192059759957,,
finetune,71,ongoing,16.635204686632754,23.06319729047125,17.05373469717289,6.4279926038385,6.009462593298364,21.15690862689682,1.9062886635744323
finetune,71,within_10s,16.635204686632754,21.01928368195969,16.98983349414905,4.384078995326936,4.029450187810639,,
finetune,71,within_3s,16.635204686632754,22.231531856035033,16.998830392232286,5.596327169402281,5.232701463802749,,
finetune,71,within_5s,16.635204686632754,21.747181913188292,17.002263267669992,5.11197722655554,4.744918645518299,,
finetune,89,new_0_3s,23.78871559173614,24.207127531306174,23.727121824019616,0.4184119395700353,0.4800057072865564,27.20297449576165,-2.995846964455479
finetune,89,new_3_5s,23.78871559173614,24.118846617218786,24.30613201961102,0.33013102548265083,-0.18728540239223265,27.396700538924524,-3.277853921705737
finetune,89,new_5_10s,23.78871559173614,25.52615001746692,24.3677963720768,1.7374344257307803,1.15835364539012,27.510431621346576,-1.9842816038796591
finetune,89,no_entry_10s,23.78871559173614,21.589925015295908,23.580470614066297,-2.1987905764402305,-1.9905455987703895,,
finetune,89,ongoing,23.78871559173614,28.47276918417589,24.16113698319321,4.684053592439755,4.311632200982686,27.47765680540767,0.9951123787682242
finetune,89,within_10s,23.78871559173614,27.46373450464809,24.175083351348828,3.675018912911953,3.288651153299263,,
finetune,89,within_3s,23.78871559173614,28.037133327101465,24.131012044350022,4.248417735365327,3.906121282751441,,
finetune,89,within_5s,23.78871559173614,27.77839455866306,24.14688354035172,3.9896789669269195,3.631511018311336,,
finetune,107,new_0_3s,13.25575552192554,12.09842189954642,13.115230333477442,-1.1573336223791197,-1.0168084339310222,16.439426608765626,-4.341004709219206
finetune,107,new_3_5s,13.25575552192554,12.463792118488657,13.932976358159298,-0.7919634034368821,-1.469184239670639,17.109913488048278,-4.646121369559623
finetune,107,new_5_10s,13.25575552192554,13.761742729788992,13.569131849406128,0.5059872078634515,0.19261088038286345,16.793333359800066,-3.031590630011075
finetune,107,no_entry_10s,13.25575552192554,10.918630672732437,13.076779434388646,-2.337124849193103,-2.1581487616562085,,
finetune,107,ongoing,13.25575552192554,18.655002118615364,13.58647227787884,5.399246596689824,5.068529840736525,17.149527560857376,1.5054745577579887
finetune,107,within_10s,13.25575552192554,17.04421677844278,13.570981447336516,3.7884612565172433,3.473235331106268,,
finetune,107,within_3s,13.25575552192554,17.942691760054647,13.544933636379312,4.686936238129108,4.397758123675335,,
finetune,107,within_5s,13.25575552192554,17.577273310331456,13.574158202518959,4.321517788405921,4.0031151078125005,,
gss_adapted,7,new_0_3s,-0.25377799651622773,-0.005151245165079266,-0.24056332323348278,0.24862675135114842,0.23541207806840347,-0.25976336302409575,0.25461211785901655
gss_adapted,7,new_3_5s,-0.25377799651622773,-0.20136649726356048,-0.2354851862014095,0.052411499252667235,0.03411868893784904,-0.19303401391817845,-0.008332483345382025
gss_adapted,7,new_5_10s,-0.25377799651622773,0.11539414609216755,-0.20384211470887212,0.36917214260839526,0.3192362608010396,-0.15357669951615188,0.2689708456083194
gss_adapted,7,no_entry_10s,-0.25377799651622773,-0.24484381650452475,-0.24013866921739982,0.008934180011702968,-0.004705147287124911,,
gss_adapted,7,ongoing,-0.25377799651622773,-0.37560703526736755,-0.2889597112524213,-0.12182903875113986,-0.08664732401494626,-0.2827185718537494,-0.09288846341361812
gss_adapted,7,within_10s,-0.25377799651622773,-0.2568879372312113,-0.2697740495261307,-0.003109940714983572,0.012886112294919427,,
gss_adapted,7,within_3s,-0.25377799651622773,-0.3236314892893487,-0.28354512772967305,-0.06985349277312096,-0.04008636155967565,,
gss_adapted,7,within_5s,-0.25377799651622773,-0.31451341116631226,-0.27989516053708147,-0.060735414650084515,-0.034618250629230754,,
gss_adapted,11,new_0_3s,-0.2956096092805266,-0.021648105495481053,-0.2753432863092847,0.27396150378504563,0.2536951808138036,-0.16574780699901032,0.14409970150352924
gss_adapted,11,new_3_5s,-0.2956096092805266,0.008233606374706137,-0.29399140022327486,0.30384321565523276,0.30222500659798096,-0.1595686239361775,0.16780223031088365
gss_adapted,11,new_5_10s,-0.2956096092805266,-0.08301890393843783,-0.22043831398027983,0.2125907053420888,0.13741941004184202,-0.15327618855082314,0.07025728461238533
gss_adapted,11,no_entry_10s,-0.2956096092805266,-0.31163439752509015,-0.28315187902414907,-0.016024788244563503,-0.028482518500941044,,
gss_adapted,11,ongoing,-0.2956096092805266,-0.30628269108511563,-0.3370540070067924,-0.010673081804589002,0.03077131592167675,-0.2551805296460744,-0.05110216143904125
gss_adapted,11,within_10s,-0.2956096092805266,-0.22721646002612936,-0.31233158425805485,0.06839314925439724,0.08511512423192545,,
gss_adapted,11,within_3s,-0.2956096092805266,-0.26975760192138193,-0.329707955505333,0.025852007359144735,0.059950353583951066,,
gss_adapted,11,within_5s,-0.2956096092805266,-0.25130316546426745,-0.32737007144524716,0.0443064438162592,0.07606690598097969,,
gss_adapted,23,new_0_3s,-0.3608047326438129,-0.20290716329141523,-0.3910839548357615,0.1578975693523977,0.18817679154434627,-0.3985273284753285,0.1956201651839133
gss_adapted,23,new_3_5s,-0.3608047326438129,-0.14938001166061063,-0.3517075605180638,0.21142472098320236,0.2023275488574532,-0.3550077502058991,0.20562773854528854
gss_adapted,23,new_5_10s,-0.3608047326438129,-0.19119469693667934,-0.28745067617864534,0.16961003570713357,0.09625597924196598,-0.292372827758488,0.10117813082180864
gss_adapted,23,no_entry_10s,-0.3608047326438129,-0.31827702797850127,-0.3440336455759514,0.04252770466531164,0.0257566175974501,,
gss_adapted,23,ongoing,-0.3608047326438129,-0.5046651793952692,-0.40890100507239674,-0.14386044675145637,-0.09576417432287254,-0.4463937187910374,-0.05827146060423183
gss_adapted,23,within_10s,-0.3608047326438129,-0.4148162125346352,-0.3867985636971089,-0.0540114798908223,-0.028017648837526287,,
gss_adapted,23,within_3s,-0.3608047326438129,-0.4726869704907776,-0.4067913062542994,-0.11188223784696474,-0.06589566423647826,,
gss_adapted,23,within_5s,-0.3608047326438129,-0.4519772787314623,-0.40309867742654576,-0.0911725460876494,-0.048878601304916496,,
gss_adapted,47,new_0_3s,-0.17173267953246832,0.3160819041504902,-0.13066436614808144,0.48781458368295844,0.4467462702985715,-0.11839750689600718,0.43447941104649734
gss_adapted,47,new_3_5s,-0.17173267953246832,0.25138703018800096,-0.16460410739506107,0.4231197097204693,0.415991137583062,-0.17112637311086265,0.42251340329886367
gss_adapted,47,new_5_10s,-0.17173267953246832,0.234351975638018,-0.09394444875794603,0.4060846551704863,0.328296424395964,-0.08920025026405225,0.3235522259020702
gss_adapted,47,no_entry_10s,-0.17173267953246832,-0.13085673696704225,-0.16276334433707093,0.04087594256542605,0.03190660737002869,,
gss_adapted,47,ongoing,-0.17173267953246832,-0.43695176140525227,-0.21726449718036597,-0.2652190818727839,-0.21968726422488624,-0.2822406850476511,-0.15471107635760112
gss_adapted,47,within_10s,-0.17173267953246832,-0.23375800332240596,-0.18898585885530375,-0.062025323789937616,-0.04477214446710219,,
gss_adapted,47,within_3s,-0.17173267953246832,-0.3475833321917842,-0.20716459458404182,-0.1758506526593159,-0.14041873760774243,,
gss_adapted,47,within_5s,-0.17173267953246832,-0.30813360725128935,-0.20442509328153674,-0.13640092771882104,-0.10370851396975263,,
gss_adapted,59,new_0_3s,-0.24241149455308914,0.13371763111561072,-0.24277790739146815,0.3761291256686999,0.37649553850707884,-0.2331767000713815,0.3668943311869922
gss_adapted,59,new_3_5s,-0.24241149455308914,0.16031860363634814,-0.2389544707574928,0.4027300981894372,0.39927307439384097,-0.19129051301615405,0.3516091166525022
gss_adapted,59,new_5_10s,-0.24241149455308914,0.07464431171829983,-0.15641135674289103,0.3170558062713889,0.23105566846119086,-0.07352408473246849,0.14816839645076835
gss_adapted,59,no_entry_10s,-0.24241149455308914,-0.24513912851484637,-0.2289343841113943,-0.0027276339617572183,-0.016204744403452025,,
gss_adapted,59,ongoing,-0.24241149455308914,-0.38825457310794464,-0.292777780557823,-0.1458430785548555,-0.09547679255012168,-0.26818743120207694,-0.12006714190586772
gss_adapted,59,within_10s,-0.24241149455308914,-0.23258270119474483,-0.2656804708115566,0.009828793358344304,0.0330977696168118,,
gss_adapted,59,within_3s,-0.24241149455308914,-0.31597744296722335,-0.2863858371001845,-0.07356594841413416,-0.02959160586703883,,
gss_adapted,59,within_5s,-0.24241149455308914,-0.2831926979868198,-0.28305016928114746,-0.040781203433730664,-0.00014252870567234012,,
gss_adapted,71,new_0_3s,0.39043616220653055,0.9821127377407486,0.49099777109938375,0.5916765755342179,0.4911149666413648,0.683707102938554,0.2984056348021945
gss_adapted,71,new_3_5s,0.39043616220653055,0.6610532354551226,0.4113950461285816,0.2706170732485921,0.2496581893265411,0.5846832310756606,0.07637000437946209
gss_adapted,71,new_5_10s,0.39043616220653055,1.0025818527274093,0.4641563398052037,0.6121456905208789,0.5384255129222056,0.6521193049989004,0.350462547728509
gss_adapted,71,no_entry_10s,0.39043616220653055,0.30127022925002195,0.38319394290884273,-0.08916593295650865,-0.08192371365882083,,
gss_adapted,71,ongoing,0.39043616220653055,0.3695288016716941,0.3803520852858705,-0.02090736053483644,-0.010823283614176393,0.4916597765638996,-0.12213097489220552
gss_adapted,71,within_10s,0.39043616220653055,0.5382710514184176,0.40449835519487687,0.14783488921188698,0.13377269622354065,,
gss_adapted,71,within_3s,0.39043616220653055,0.4535486426030649,0.3935727154404334,0.06311248039653428,0.05997592716263149,,
gss_adapted,71,within_5s,0.39043616220653055,0.467377689429877,0.39522895690855275,0.07694152722334653,0.07214873252132434,,
gss_adapted,89,new_0_3s,-0.4334124903589487,-0.10455349906799283,-0.41018632271994643,0.32885899129095586,0.30563282365195354,-0.3678987815943168,0.26334528252632405
gss_adapted,89,new_3_5s,-0.4334124903589487,-0.1604797527786399,-0.4785210456230041,0.27293273758030884,0.3180412928443643,-0.414457141807401,0.2539773890287612
gss_adapted,89,new_5_10s,-0.4334124903589487,-0.08754651874143515,-0.4021922103173156,0.34586597161751353,0.3146456915758805,-0.3367092296679159,0.24916271092648082
gss_adapted,89,no_entry_10s,-0.4334124903589487,-0.44465398990802274,-0.42107310765572087,-0.01124149954907407,-0.023580882252301854,,
gss_adapted,89,ongoing,-0.4334124903589487,-0.5319953915859501,-0.4666490346947233,-0.09858290122700142,-0.06534635689122678,-0.4235886777893224,-0.10840671379662767
gss_adapted,89,within_10s,-0.4334124903589487,-0.40539132359769825,-0.45244950232502584,0.02802116676125042,0.047058178727327545,,
gss_adapted,89,within_3s,-0.4334124903589487,-0.47764921673950145,-0.4595263879285631,-0.044236726380552774,-0.01812282881093829,,
gss_adapted,89,within_5s,-0.4334124903589487,-0.45598504130052697,-0.4605001965658988,-0.022572550941578284,0.004515155265371762,,
gss_adapted,107,new_0_3s,0.22189760264679786,0.6924030433470625,0.2764586082375458,0.4705054407002646,0.4159444351095167,0.3852635467170957,0.30713949662996687
gss_adapted,107,new_3_5s,0.22189760264679786,0.916634308337416,0.2213592275822828,0.6947367056906181,0.6952750807551331,0.41937924062431653,0.4972550677130993
gss_adapted,107,new_5_10s,0.22189760264679786,0.726034890259023,0.30887048609558815,0.5041372876122251,0.4171644041634349,0.5013580075646187,0.22467688269440425
gss_adapted,107,no_entry_10s,0.22189760264679786,0.14032620017161387,0.23048771063013107,-0.08157140247518406,-0.0901615104585172,,
gss_adapted,107,ongoing,0.22189760264679786,0.16863251008238977,0.1837302609632541,-0.053265092564408124,-0.015097750880864295,0.30229717168010206,-0.13366466159771226
gss_adapted,107,within_10s,0.22189760264679786,0.3427133200041093,0.2110222166331852,0.12081571735731136,0.13169110337092407,,
gss_adapted,107,within_3s,0.22189760264679786,0.2370190293781599,0.1939545234067845,0.01512142673136197,0.043064505971375365,,
gss_adapted,107,within_5s,0.22189760264679786,0.28318729346061317,0.19562975618443273,0.06128969081381526,0.08755753727618043,,
reservoir,7,new_0_3s,0.20994041126370427,0.062266251810435325,0.18034564750811036,-0.14767415945326898,-0.11807939569767503,0.3709673895626421,-0.30870113775220676
reservoir,7,new_3_5s,0.20994041126370427,0.07235805669156224,0.18926123395612166,-0.13758235457214205,-0.11690317726455939,0.35436175725805047,-0.28200370056648827
reservoir,7,new_5_10s,0.20994041126370427,0.17245945784487007,0.2517774199323786,-0.037480953418834215,-0.07931796208750855,0.46126038698166366,-0.28880092913679356
reservoir,7,no_entry_10s,0.20994041126370427,0.11976963345416251,0.23965189479451512,-0.09017077780954177,-0.11988226134035258,,
reservoir,7,ongoing,0.20994041126370427,0.45074311584866,0.14890251718419112,0.24080270458495576,0.30184059866446894,0.32856314525335184,0.12217997059530816
reservoir,7,within_10s,0.20994041126370427,0.35157460509868854,0.16828035911948042,0.14163419383498427,0.18329424597920813,,
reservoir,7,within_3s,0.20994041126370427,0.40590921054171003,0.15349159031526133,0.19596879927800576,0.25241762022644865,,
reservoir,7,within_5s,0.20994041126370427,0.3820951219799861,0.15564192964990836,0.1721547107162818,0.2264531923300777,,
reservoir,11,new_0_3s,0.45006081741452225,-0.08937683725421128,0.4756398708868714,-0.5394376546687335,-0.5650167081410825,1.0010480625703289,-1.0904248998245405
reservoir,11,new_3_5s,0.45006081741452225,-0.09343681887963223,0.567204947868045,-0.5434976362941544,-0.6606417667476772,1.1624719785023347,-1.255908797381967
reservoir,11,new_5_10s,0.45006081741452225,0.06723594778638349,0.4567456535372013,-0.38282486962813866,-0.3895097057508179,1.0362674098287177,-0.9690314620423341
reservoir,11,no_entry_10s,0.45006081741452225,0.061354261311990385,0.43835573588754223,-0.38870655610253174,-0.3770014745755518,,
reservoir,11,ongoing,0.45006081741452225,1.486900004123089,0.4597689255558313,1.036839186708567,1.0271310785672578,1.032035525155217,0.4548644789678723
reservoir,11,within_10s,0.45006081741452225,1.0363089268707104,0.4658400844349675,0.5862481094561882,0.5704688424357429,,
reservoir,11,within_3s,0.45006081741452225,1.2887021539173564,0.4606162072015665,0.8386413365028342,0.82808594671579,,
reservoir,11,within_5s,0.45006081741452225,1.1925395011859306,0.4674849374355752,0.7424786837714085,0.7250545637503555,,
reservoir,23,new_0_3s,-0.17951941275298594,-0.48740419806084034,-0.2498240027664246,-0.3078847853078544,-0.23758019529441565,-0.20606133884941036,-0.28134285921143
reservoir,23,new_3_5s,-0.17951941275298594,-0.4024381896959219,-0.1556452505748,-0.222918776942936,-0.24679293912112196,-0.2185138529027443,-0.1839243367931776
reservoir,23,new_5_10s,-0.17951941275298594,-0.09322169970264028,-0.06428135446075986,0.08629771305034568,-0.028940345241880418,0.01894191311625685,-0.11216361281889713
reservoir,23,no_entry_10s,-0.17951941275298594,-0.17346490124890637,-0.16550180767234188,0.006054511504079585,-0.007963093576564504,,
reservoir,23,ongoing,-0.17951941275298594,-0.12419500480417596,-0.22530242901958944,0.055324407948810016,0.10110742421541345,-0.1924451305723554,0.06825012576817949
reservoir,23,within_10s,-0.17951941275298594,-0.16606230990908816,-0.20108261928323481,0.013457102843897834,0.035020309374146665,,
reservoir,23,within_3s,-0.17951941275298594,-0.16213359695555124,-0.22865859132562522,0.01738581579743472,0.06652499437007395,,
reservoir,23,within_5s,-0.17951941275298594,-0.1788795693071805,-0.22358115012446206,0.0006398434458054436,0.04470158081728155,,
reservoir,47,new_0_3s,0.0484853487327695,-0.03216569292629526,0.07330000895886604,-0.08065104165906475,-0.10546570188516131,0.25915886630172574,-0.291324559228021
reservoir,47,new_3_5s,0.0484853487327695,-0.1064962685964653,0.04879096599520992,-0.15498161732923482,-0.15528723459167523,0.22406916865814647,-0.33056543725461174
reservoir,47,new_5_10s,0.0484853487327695,-0.10636319512234191,0.07876577617177355,-0.15484854385511143,-0.18512897129411549,0.2757755147999571,-0.38213870992229904
reservoir,47,no_entry_10s,0.0484853487327695,-0.02399828280185571,0.07842181043140455,-0.0724836315346252,-0.10242009323326026,,
reservoir,47,ongoing,0.0484853487327695,0.29822143946266355,-0.02640548185888002,0.24973609072989406,0.32462692132154364,0.1730123067506184,0.12520913271204517
reservoir,47,within_10s,0.0484853487327695,0.199850989005813,0.002672532710600195,0.1513656402730435,0.19717845629521283,,
reservoir,47,within_3s,0.0484853487327695,0.27102412581598945,-0.0143028198453654,0.22253877708321995,0.2853269456613548,,
reservoir,47,within_5s,0.0484853487327695,0.24848214623464568,-0.009640265269296533,0.1999967975018762,0.2581224115039422,,
reservoir,59,new_0_3s,-0.0111079475313425,-0.0357062546210571,-0.05477315278017856,-0.02459830708971462,0.019066898159121458,-0.10952782072613654,0.07382156610507944
reservoir,59,new_3_5s,-0.0111079475313425,-0.004152238776863615,0.0644850906540483,0.006955708754478873,-0.06863732943091191,0.0855893349149989,-0.0897415736918625
reservoir,59,new_5_10s,-0.0111079475313425,-0.24359125690501138,0.00805898147611519,-0.23248330937366884,-0.25165023838112655,-0.010176642279351,-0.23341461462566038
reservoir,59,no_entry_10s,-0.0111079475313425,0.0540867348433693,0.01651211156116983,0.0651946823747118,0.037574623282199474,,
reservoir,59,ongoing,-0.0111079475313425,-0.05623661568878848,-0.08290892937240837,-0.045128668157445984,0.026672313683619865,-0.10470030732995177,0.048463691641163306
reservoir,59,within_10s,-0.0111079475313425,-0.07889365746552675,-0.05846716024775318,-0.06778570993418427,-0.020426497217773575,,
reservoir,59,within_3s,-0.0111079475313425,-0.05676131499289942,-0.07940728014481724,-0.045653367461556904,0.022645965151917812,,
reservoir,59,within_5s,-0.0111079475313425,-0.05269427845387131,-0.06953023455373283,-0.041586330922528794,0.016835956099861514,,
reservoir,71,new_0_3s,0.8093040937140584,0.6678276155619409,0.8825316643374033,-0.1414764781521174,-0.21470404877546212,0.9999854827560879,-0.33215786719414697
reservoir,71,new_3_5s,0.8093040937140584,0.4765464171427592,0.8392255174237994,-0.3327576765712993,-0.3626791002810402,0.9779309892954228,-0.5013845721526634
reservoir,71,new_5_10s,0.8093040937140584,0.8271154299844394,0.7950179123902849,0.017811336270381006,0.03209751759415454,1.0301265504658967,-0.2030111204814573
reservoir,71,no_entry_10s,0.8093040937140584,0.730566392819131,0.8274947061531469,-0.07873770089492735,-0.09692831333401594,,
reservoir,71,ongoing,0.8093040937140584,1.0128796828222182,0.7581689724425235,0.20357558910815993,0.2547107103796949,0.882429017519946,0.13045066530227228
reservoir,71,within_10s,0.8093040937140584,0.9190221222014779,0.780326262113386,0.10971802848741954,0.13869586008809212,,
reservoir,71,within_3s,0.8093040937140584,0.9733522672266133,0.7740593833819677,0.16404817351255477,0.19929288384464533,,
reservoir,71,within_5s,0.8093040937140584,0.9378240318871816,0.7783404819811734,0.12851993817312318,0.15948354990600816,,
reservoir,89,new_0_3s,0.1382148812919855,0.381773670833178,0.1480912682153505,0.2435587895411925,0.23368240261782747,0.42852211581320987,-0.04674844498003187
reservoir,89,new_3_5s,0.1382148812919855,0.17303143854288536,0.12744653418038135,0.03481655725089985,0.045584904362503995,0.41997126626045767,-0.24693982771757222
reservoir,89,new_5_10s,0.1382148812919855,0.3289219001660665,0.17545132795014484,0.19070701887408098,0.15347057221592164,0.5661054378008957,-0.2371835376348292
reservoir,89,no_entry_10s,0.1382148812919855,-0.0535104604936796,0.15870579523798703,-0.19172534178566508,-0.2122162557316666,,
reservoir,89,ongoing,0.1382148812919855,0.48989075406362675,0.08302367637213934,0.35167587277164125,0.40686707769148744,0.42149581167182965,0.06839494239179708
reservoir,89,within_10s,0.1382148812919855,0.44250758877240787,0.10546334825811983,0.3042927074804224,0.3370442405142881,,
reservoir,89,within_3s,0.1382148812919855,0.47953364137298155,0.09157451573315703,0.34131876008099604,0.38795912563982454,,
reservoir,89,within_5s,0.1382148812919855,0.46052869146770625,0.09425810249087647,0.3223138101757207,0.3662705889768298,,
reservoir,107,new_0_3s,-0.26425327732414006,-0.5359237896261767,-0.27246367136453087,-0.2716705123020367,-0.26346011826164595,-0.07581898687954783,-0.4601048027466289
reservoir,107,new_3_5s,-0.26425327732414006,-0.28258897931035876,-0.2202625844190015,-0.018335701986218693,-0.062326394891357204,0.022899836370887015,-0.30548881568124575
reservoir,107,new_5_10s,-0.26425327732414006,-0.18219082888859986,-0.2224553374624339,0.08206244843554018,0.040264508573834,0.004642829595645837,-0.18683365848424574
reservoir,107,no_entry_10s,-0.26425327732414006,-0.341606612315425,-0.24196754469550238,-0.07735333499128497,-0.09963906761992264,,
reservoir,107,ongoing,-0.26425327732414006,-0.059453662474390746,-0.32551286559477083,0.2047996148497493,0.26605920312038006,-0.1775001033561588,0.11804644088176808
reservoir,107,within_10s,-0.26425327732414006,-0.13151096192024286,-0.29986312060969866,0.1327423154038972,0.16835215868945577,,
reservoir,107,within_3s,-0.26425327732414006,-0.1082448853223597,-0.318524243715966,0.15600839200178038,0.2102793583936063,,
reservoir,107,within_5s,-0.26425327732414006,-0.12010654834276742,-0.312240863029496,0.14414672898137262,0.1921343146867286,,
