method,stratum_name,metric,n_seeds,mean,ci_low,ci_high
finetune,within_3s,overall,8,19.4684287722433,16.38813610276459,22.82559327914884
finetune,within_3s,stratum,8,24.07820818263594,21.259094139173406,27.138958847843362
finetune,within_3s,matched,8,19.77010548203403,16.69418808778662,23.113248003718407
finetune,within_3s,stratum_minus_overall,8,4.609779410392643,4.081819774429282,5.145221526518091
finetune,within_3s,stratum_minus_matched,8,4.308102700601912,3.814109409364766,4.814239930963361
finetune,within_3s,cpa_matched,0,,,
finetune,within_3s,stratum_minus_cpa_matched,0,,,
finetune,within_5s,overall,8,19.4684287722433,16.38813610276459,22.82559327914884
finetune,within_5s,stratum,8,23.718684424746428,20.870650935735494,26.811003305262155
finetune,within_5s,matched,8,19.783189073502122,16.709948820549577,23.12693885160755
finetune,within_5s,stratum_minus_overall,8,4.250255652503132,3.7516698319843,4.746593133679045
finetune,within_5s,stratum_minus_matched,8,3.935495351244307,3.4680719008202465,4.404618328657168
finetune,within_5s,cpa_matched,0,,,
finetune,within_5s,stratum_minus_cpa_matched,0,,,
finetune,within_10s,overall,8,19.4684287722433,16.38813610276459,22.82559327914884
finetune,within_10s,stratum,8,23.20826041539959,20.298583494673785,26.369911955341195
finetune,within_10s,matched,8,19.803116395905484,16.72027996474015,23.153287927438242
finetune,within_10s,stratum_minus_overall,8,3.739831643156292,3.3040191076194767,4.148980745805144
finetune,within_10s,stratum_minus_matched,8,3.4051440194941085,2.997804263879611,3.788503200171817
finetune,within_10s,cpa_matched,0,,,
finetune,within_10s,stratum_minus_cpa_matched,0,,,
finetune,ongoing,overall,8,19.4684287722433,16.38813610276459,22.82559327914884
finetune,ongoing,stratum,8,24.71994384708018,21.95845974332035,27.689600585308234
finetune,ongoing,matched,8,19.801656023974637,16.73113593384398,23.144146172582946
finetune,ongoing,stratum_minus_overall,8,5.251515074836885,4.663904833773634,5.859526230721781
finetune,ongoing,stratum_minus_matched,8,4.918287823105546,4.356614128032543,5.488005381944366
finetune,ongoing,cpa_matched,8,23.266579249495518,20.38377597804645,26.389646839925494
finetune,ongoing,stratum_minus_cpa_matched,8,1.4533645975846645,1.2605464831460638,1.6526476236658278
finetune,new_0_3s,overall,8,19.4684287722433,16.38813610276459,22.82559327914884
finetune,new_0_3s,stratum,8,18.578239792761355,15.327051019027511,22.127892571597194
finetune,new_0_3s,matched,8,19.38823239903291,16.275621035169536,22.78139012270637
finetune,new_0_3s,stratum_minus_overall,8,-0.8901889794819436,-1.2900012124743314,-0.44223889391172505
finetune,new_0_3s,stratum_minus_matched,8,-0.8099926062715511,-1.142561112608091,-0.39789644988797057
finetune,new_0_3s,cpa_matched,8,22.778269592892414,19.807098623603064,26.02362332411434
finetune,new_0_3s,stratum_minus_cpa_matched,8,-4.200029800131058,-4.649962585725631,-3.751449616019212
finetune,new_3_5s,overall,8,19.4684287722433,16.38813610276459,22.82559327914884
finetune,new_3_5s,stratum,8,18.654401819340116,15.443855949817635,22.184147109926165
finetune,new_3_5s,matched,8,19.917568348923723,16.853806722497684,23.2776702983004
finetune,new_3_5s,stratum_minus_overall,8,-0.8140269529031806,-1.2630305724110729,-0.3683672517200562
finetune,new_3_5s,stratum_minus_matched,8,-1.2631665295836054,-1.6576675484117087,-0.8597224655215994
finetune,new_3_5s,cpa_matched,8,23.062492223373546,20.163267339989027,26.238530610218444
finetune,new_3_5s,stratum_minus_cpa_matched,8,-4.408090404033432,-4.926797074482685,-3.931943978672061
finetune,new_5_10s,overall,8,19.4684287722433,16.38813610276459,22.82559327914884
finetune,new_5_10s,stratum,8,20.069431598736966,16.804198509723463,23.66523317966514
finetune,new_5_10s,matched,8,19.946957774541588,16.796924765498403,23.365953294210044
finetune,new_5_10s,stratum_minus_overall,8,0.6010028264936662,0.19946177519976283,1.0302628155414664
finetune,new_5_10s,stratum_minus_matched,8,0.12247382419537693,-0.22841708642214564,0.5019362415897599
finetune,new_5_10s,cpa_matched,8,23.172922378425945,20.200689275649292,26.438499460751686
finetune,new_5_10s,stratum_minus_cpa_matched,8,-3.103490779688981,-3.652822418880818,-2.5781127338616923
finetune,no_entry_10s,overall,8,19.4684287722433,16.38813610276459,22.82559327914884
finetune,no_entry_10s,stratum,8,17.163627773109198,13.920531436881214,20.69442368807136
finetune,no_entry_10s,matched,8,19.27912479444814,16.199856780297967,22.63787669637591
finetune,no_entry_10s,stratum_minus_overall,8,-2.304800999134103,-2.5641321940838893,-2.0357456205928344
finetune,no_entry_10s,stratum_minus_matched,8,-2.1154970213389444,-2.3580480958821814,-1.865087572242595
finetune,no_entry_10s,cpa_matched,0,,,
finetune,no_entry_10s,stratum_minus_cpa_matched,0,,,
reservoir,within_3s,overall,8,0.15014061435107143,-0.06262285363431087,0.3861202604701742
reservoir,within_3s,stratum,8,0.3864227002004801,0.06427402306738933,0.7329386028913762
reservoir,within_3s,matched,8,0.10485609520002234,-0.11751330887615527,0.34847528065507527
reservoir,within_3s,stratum_minus_overall,8,0.2362820858494086,0.08857487704406634,0.4281604701502574
reservoir,within_3s,stratum_minus_matched,8,0.28156660500045766,0.14380727558277048,0.45673206987547155
reservoir,within_3s,cpa_matched,0,,,
reservoir,within_3s,stratum_minus_cpa_matched,0,,,
reservoir,within_5s,overall,8,0.15014061435107143,-0.06262285363431087,0.3861202604701742
reservoir,within_5s,stratum,8,0.35872363708145383,0.051384771280858436,0.6849118168539446
reservoir,within_5s,matched,8,0.11009161732256824,-0.11164636830341791,0.35327108852448275
reservoir,within_5s,stratum_minus_overall,8,0.20858302273038246,0.07402198567245324,0.37985573191871097
reservoir,within_5s,stratum_minus_matched,8,0.2486320197588856,0.12339177087230785,0.4037774441781719
reservoir,within_5s,cpa_matched,0,,,
reservoir,within_5s,stratum_minus_cpa_matched,0,,,
reservoir,within_10s,overall,8,0.15014061435107143,-0.06262285363431087,0.3861202604701742
reservoir,within_10s,stratum,8,0.32159966283178,0.032137339408773044,0.6251420792655221
reservoir,within_10s,matched,8,0.1203962108119834,-0.09778313525530155,0.36026906144751136
reservoir,within_10s,stratum_minus_overall,8,0.1714590484807086,0.057180946574848575,0.3086876930063057
reservoir,within_10s,stratum_minus_matched,8,0.2012034520197966,0.09326429342134852,0.32591720483486564
reservoir,within_10s,cpa_matched,0,,,
reservoir,within_10s,stratum_minus_cpa_matched,0,,,
reservoir,ongoing,overall,8,0.15014061435107143,-0.06262285363431087,0.3861202604701742
reservoir,ongoing,stratum,8,0.4373437141691128,0.09581359848134326,0.8235299999702825
reservoir,ongoing,matched,8,0.09871679821362957,-0.12205981299047089,0.3407816437746265
reservoir,ongoing,stratum_minus_overall,8,0.2872030998180414,0.11525202631657096,0.5221255073464266
reservoir,ongoing,stratum_minus_matched,8,0.3386269159554833,0.17632524439028807,0.5567397638761411
reservoir,ongoing,cpa_matched,8,0.29536128313656207,0.0013343091535612459,0.6028729688238972
reservoir,ongoing,stratum_minus_cpa_matched,8,0.14198243103255076,0.08091585883112129,0.23772258077573707
reservoir,new_0_3s,overall,8,0.15014061435107143,-0.06262285363431087,0.3861202604701742
reservoir,new_0_3s,stratum,8,-0.008588654285378312,-0.26527324296469457,0.2529590755558394
reservoir,new_0_3s,matched,8,0.14785595412443345,-0.0856909920004284,0.4082750421415889
reservoir,new_0_3s,stratum_minus_overall,8,-0.1587292686364497,-0.30440977245494494,-0.010245496953103686
reservoir,new_0_3s,stratum_minus_matched,8,-0.1564446084098117,-0.304882781772846,-0.008955229318502492
reservoir,new_0_3s,cpa_matched,8,0.33353422131861243,0.03829549607463036,0.639373191205823
reservoir,new_0_3s,stratum_minus_cpa_matched,8,-0.3421228756039908,-0.5862603016644063,-0.1454151266906642
reservoir,new_3_5s,overall,8,0.15014061435107143,-0.06262285363431087,0.3861202604701742
reservoir,new_3_5s,stratum,8,-0.02089707286025437,-0.1902204047039457,0.15945936014520382
reservoir,new_3_5s,matched,8,0.1825633068854755,-0.03258356633265061,0.4217993821205366
reservoir,new_3_5s,stratum_minus_overall,8,-0.17103768721132584,-0.30255851657142174,-0.05443612730539894
reservoir,new_3_5s,stratum_minus_matched,8,-0.2034603797457299,-0.35686647116189607,-0.07567951667535353
reservoir,new_3_5s,cpa_matched,8,0.3785975597946942,0.08659543675349238,0.6893325084932461
reservoir,new_3_5s,stratum_minus_cpa_matched,8,-0.3994946326549486,-0.660933455632131,-0.21717577797042054
reservoir,new_5_10s,overall,8,0.15014061435107143,-0.06262285363431087,0.3861202604701742
reservoir,new_5_10s,stratum,8,0.09629571939539576,-0.10708469125764451,0.33914382989287334
reservoir,new_5_10s,matched,8,0.1848850474418381,-0.010416552801060616,0.4016007207007418
reservoir,new_5_10s,stratum_minus_overall,8,-0.05384489495567567,-0.18119850621831368,0.06380437061714267
reservoir,new_5_10s,stratum_minus_matched,8,-0.08858932804644234,-0.20744785327533877,0.021384326643101668
reservoir,new_5_10s,cpa_matched,8,0.4228679250387103,0.15077132206401636,0.7130400918508145
reservoir,new_5_10s,stratum_minus_cpa_matched,8,-0.3265722056433146,-0.5240597417869886,-0.19552170843677438
reservoir,no_entry_10s,overall,8,0.15014061435107143,-0.06262285363431087,0.3861202604701742
reservoir,no_entry_10s,stratum,8,0.046649595696098334,-0.13017407468296438,0.2673023781168835
reservoir,no_entry_10s,matched,8,0.16895908771224016,-0.03990469297206983,0.40133701359161544
reservoir,no_entry_10s,stratum_minus_overall,8,-0.1034910186549731,-0.19815435868333475,-0.024319054531503834
reservoir,no_entry_10s,stratum_minus_matched,8,-0.12230949201614186,-0.2084541769161472,-0.047558585520127754
reservoir,no_entry_10s,cpa_matched,0,,,
reservoir,no_entry_10s,stratum_minus_cpa_matched,0,,,
gss_adapted,within_3s,overall,8,-0.1431769047539681,-0.3127251971142879,0.0600769037272781
gss_adapted,within_3s,stratum,8,-0.18958979770234907,-0.3876885270958527,0.049446616283780394
gss_adapted,within_3s,matched,8,-0.17319924628185962,-0.34871656856693134,0.03761594619366688
gss_adapted,within_3s,stratum_minus_overall,8,-0.04641289294838095,-0.09828960141022973,0.0043404320885616875
gss_adapted,within_3s,stratum_minus_matched,8,-0.01639055142048944,-0.06314224117253234,0.027138172194288185
gss_adapted,within_3s,cpa_matched,0,,,
gss_adapted,within_3s,stratum_minus_cpa_matched,0,,,
gss_adapted,within_5s,overall,8,-0.1431769047539681,-0.3127251971142879,0.0600769037272781
gss_adapted,within_5s,stratum,8,-0.16431752737627348,-0.3640304422575197,0.07392346569795002
gss_adapted,within_5s,matched,8,-0.17093508193055898,-0.34638122301898955,0.03971846358212056
gss_adapted,within_5s,stratum_minus_overall,8,-0.021140622622305365,-0.07096607179912102,0.028497922960531483
gss_adapted,within_5s,stratum_minus_matched,8,0.006617554554285501,-0.03838073966074629,0.05039641167331743
gss_adapted,within_5s,cpa_matched,0,,,
gss_adapted,within_5s,stratum_minus_cpa_matched,0,,,
gss_adapted,within_10s,overall,8,-0.1431769047539681,-0.3127251971142879,0.0600769037272781
gss_adapted,within_10s,stratum,8,-0.11120853331053725,-0.32014858710425953,0.1305986109155873
gss_adapted,within_10s,matched,8,-0.1575624322056398,-0.3330453675062442,0.052299780886761474
gss_adapted,within_10s,stratum_minus_overall,8,0.03196837144343085,-0.016459795656064136,0.0823283444000389
gss_adapted,within_10s,stratum_minus_matched,8,0.04635389889510256,0.002757484386050927,0.09002718851399509
gss_adapted,within_10s,cpa_matched,0,,,
gss_adapted,within_10s,stratum_minus_cpa_matched,0,,,
gss_adapted,ongoing,overall,8,-0.1431769047539681,-0.3127251971142879,0.0600769037272781
gss_adapted,ongoing,stratum,8,-0.250699415011602,-0.4425055166778731,-0.018283970703246638
gss_adapted,ongoing,matched,8,-0.18094046118942475,-0.3543921172911909,0.028008216618075364
gss_adapted,ongoing,stratum_minus_overall,8,-0.10752251025763383,-0.16328038931657715,-0.05672507514279269
gss_adapted,ongoing,stratum_minus_matched,8,-0.06975895382217719,-0.12169534516614788,-0.023164427463298786
gss_adapted,ongoing,cpa_matched,8,-0.14554408326073875,-0.3484683833933242,0.09294343515393758
gss_adapted,ongoing,stratum_minus_cpa_matched,8,-0.1051553317508632,-0.12753059623986823,-0.08084028596398196
gss_adapted,new_0_3s,overall,8,-0.1431769047539681,-0.3127251971142879,0.0600769037272781
gss_adapted,new_0_3s,stratum,8,0.22375691291674296,-0.026052250055459657,0.5121320504438804
gss_adapted,new_0_3s,matched,8,-0.11539534766263691,-0.30640847045960695,0.11158355217139956
gss_adapted,new_0_3s,stratum_minus_overall,8,0.3669338176707111,0.2754034673659698,0.46087057741208515
gss_adapted,new_0_3s,stratum_minus_matched,8,0.33915226057937986,0.2688835576890275,0.40939003476545655
gss_adapted,new_0_3s,cpa_matched,8,-0.05931760467556131,-0.2823181766373106,0.21074025946528085
gss_adapted,new_0_3s,stratum_minus_cpa_matched,8,0.2830745175923043,0.22427613756563494,0.34185539511223684
gss_adapted,new_3_5s,overall,8,-0.1431769047539681,-0.3127251971142879,0.0600769037272781
gss_adapted,new_3_5s,stratum,8,0.18580006528609785,-0.06083582396512305,0.4711319162383724
gss_adapted,new_3_5s,matched,8,-0.14131368712593026,-0.3170711132336631,0.06729416884141945
gss_adapted,new_3_5s,stratum_minus_overall,8,0.328976970040066,0.2133988196001964,0.45732075861646126
gss_adapted,new_3_5s,stratum_minus_matched,8,0.3271137524120281,0.20737279319259647,0.4580752391091417
gss_adapted,new_3_5s,cpa_matched,8,-0.06005274303683697,-0.27179197206264744,0.18711048935164926
gss_adapted,new_3_5s,stratum_minus_cpa_matched,8,0.24585280832293482,0.13369651395704354,0.35628099972047333
gss_adapted,new_5_10s,overall,8,-0.1431769047539681,-0.3127251971142879,0.0600769037272781
gss_adapted,new_5_10s,stratum,8,0.22390588210229567,-0.027579814581147347,0.5179258438743486
gss_adapted,new_5_10s,matched,8,-0.07390653684814476,-0.24983274700840113,0.13401143238498747
gss_adapted,new_5_10s,stratum_minus_overall,8,0.3670827868562638,0.27532250722077856,0.46300080917397357
gss_adapted,new_5_10s,stratum_minus_matched,8,0.29781241895044047,0.20596670384610738,0.39159076464655
gss_adapted,new_5_10s,cpa_matched,8,0.006852254009202419,-0.20659101872119287,0.2599819965635155
gss_adapted,new_5_10s,stratum_minus_cpa_matched,8,0.21705362809309325,0.15010123113386137,0.28076477601798605
gss_adapted,no_entry_10s,overall,8,-0.1431769047539681,-0.3127251971142879,0.0600769037272781
gss_adapted,no_entry_10s,stratum,8,-0.15672608349704897,-0.30578019311285426,0.01744840563820646
gss_adapted,no_entry_10s,matched,8,-0.13330167204783905,-0.299441587284697,0.0655864558646018
gss_adapted,no_entry_10s,stratum_minus_overall,8,-0.013549178743080858,-0.04697894586123544,0.01704820801172484
gss_adapted,no_entry_10s,stratum_minus_matched,8,-0.023424411449209887,-0.0532169230474407,0.004469838577936791
gss_adapted,no_entry_10s,cpa_matched,0,,,
gss_adapted,no_entry_10s,stratum_minus_cpa_matched,0,,,
cgsm_dual,within_3s,overall,8,-0.20223811224969104,-0.2620678243310191,-0.14214386876486246
cgsm_dual,within_3s,stratum,8,-0.2627096982317406,-0.34823969169073254,-0.18995256744716038
cgsm_dual,within_3s,matched,8,-0.23513826562199608,-0.2988531389030821,-0.17065241315374818
cgsm_dual,within_3s,stratum_minus_overall,8,-0.06047158598204956,-0.11501527988319717,-0.0052812926690248285
cgsm_dual,within_3s,stratum_minus_matched,8,-0.027571432609744515,-0.07469590247543065,0.0211541616375257
cgsm_dual,within_3s,cpa_matched,0,,,
cgsm_dual,within_3s,stratum_minus_cpa_matched,0,,,
cgsm_dual,within_5s,overall,8,-0.20223811224969104,-0.2620678243310191,-0.14214386876486246
cgsm_dual,within_5s,stratum,8,-0.23943997351831411,-0.32199041790676275,-0.1669360866142756
cgsm_dual,within_5s,matched,8,-0.2331320480958041,-0.2955468500713109,-0.17044279914648933
cgsm_dual,within_5s,stratum_minus_overall,8,-0.03720186126862307,-0.08779088516911968,0.012813797366317938
cgsm_dual,within_5s,stratum_minus_matched,8,-0.006307925422510019,-0.04905722752049463,0.03729930478329017
cgsm_dual,within_5s,cpa_matched,0,,,
cgsm_dual,within_5s,stratum_minus_cpa_matched,0,,,
cgsm_dual,within_10s,overall,8,-0.20223811224969104,-0.2620678243310191,-0.14214386876486246
cgsm_dual,within_10s,stratum,8,-0.1844574441977993,-0.2657532469844438,-0.10659247331279152
cgsm_dual,within_10s,matched,8,-0.21889504277979777,-0.2811189409142863,-0.15659785295525275
cgsm_dual,within_10s,stratum_minus_overall,8,0.017780668051891744,-0.027026609286019534,0.06284004232576715
cgsm_dual,within_10s,stratum_minus_matched,8,0.03443759858199848,-0.0017916485956096081,0.0705039312968887
cgsm_dual,within_10s,cpa_matched,0,,,
cgsm_dual,within_10s,stratum_minus_cpa_matched,0,,,
cgsm_dual,ongoing,overall,8,-0.20223811224969104,-0.2620678243310191,-0.14214386876486246
cgsm_dual,ongoing,stratum,8,-0.32510210089363983,-0.4167610005955968,-0.2518038512942953
cgsm_dual,ongoing,matched,8,-0.24371831082502307,-0.3085845875936698,-0.1794020246862986
cgsm_dual,ongoing,stratum_minus_overall,8,-0.12286398864394879,-0.1871559773057852,-0.05771949299822447
cgsm_dual,ongoing,stratum_minus_matched,8,-0.08138379006861673,-0.13630520618907374,-0.023925811772827942
cgsm_dual,ongoing,cpa_matched,8,-0.2176365665916134,-0.3045060848955218,-0.1362910738121093
cgsm_dual,ongoing,stratum_minus_cpa_matched,8,-0.10746553430202642,-0.13347040688728415,-0.07971220811655431
cgsm_dual,new_0_3s,overall,8,-0.20223811224969104,-0.2620678243310191,-0.14214386876486246
cgsm_dual,new_0_3s,stratum,8,0.14786427857973033,0.058172831151416,0.2450823025006641
cgsm_dual,new_0_3s,matched,8,-0.1761135401118694,-0.237465257908388,-0.11212983231048357
cgsm_dual,new_0_3s,stratum_minus_overall,8,0.3501023908294214,0.2911471588503487,0.40232243200070816
cgsm_dual,new_0_3s,stratum_minus_matched,8,0.32397781869159975,0.2724137374401477,0.36905593568350864
cgsm_dual,new_0_3s,cpa_matched,8,-0.15202325448240206,-0.2155669440212656,-0.08567927847211042
cgsm_dual,new_0_3s,stratum_minus_cpa_matched,8,0.2998875330621324,0.2427898958540533,0.35203538258954215
cgsm_dual,new_3_5s,overall,8,-0.20223811224969104,-0.2620678243310191,-0.14214386876486246
cgsm_dual,new_3_5s,stratum,8,0.08226045218982722,-0.013307437340264303,0.19085604876576068
cgsm_dual,new_3_5s,matched,8,-0.2062225784733996,-0.25237775478153146,-0.15944594086259228
cgsm_dual,new_3_5s,stratum_minus_overall,8,0.28449856443951826,0.2188280373980547,0.35701063158183943
cgsm_dual,new_3_5s,stratum_minus_matched,8,0.2884830306632268,0.22715732939411087,0.3641299122644382
cgsm_dual,new_3_5s,cpa_matched,8,-0.1484560003662592,-0.2163895764567828,-0.08417823496227154
cgsm_dual,new_3_5s,stratum_minus_cpa_matched,8,0.23071645255608642,0.1513239253082867,0.3149253470914245
cgsm_dual,new_5_10s,overall,8,-0.20223811224969104,-0.2620678243310191,-0.14214386876486246
cgsm_dual,new_5_10s,stratum,8,0.16272652797469564,0.03655776597730653,0.3043484782634903
cgsm_dual,new_5_10s,matched,8,-0.1302280187995553,-0.1946209966931895,-0.06494079548804702
cgsm_dual,new_5_10s,stratum_minus_overall,8,0.3649646402243867,0.26838688162692775,0.46277406450850767
cgsm_dual,new_5_10s,stratum_minus_matched,8,0.2929545467742509,0.20753244319648811,0.3807838846731174
cgsm_dual,new_5_10s,cpa_matched,8,-0.058131832684504475,-0.13663740812136668,0.02389998126831374
cgsm_dual,new_5_10s,stratum_minus_cpa_matched,8,0.22085836065920011,0.13831526262502936,0.3041696905453949
cgsm_dual,no_entry_10s,overall,8,-0.20223811224969104,-0.2620678243310191,-0.14214386876486246
cgsm_dual,no_entry_10s,stratum,8,-0.20668217370022512,-0.27492788164659454,-0.14932330976118344
cgsm_dual,no_entry_10s,matched,8,-0.19039198787614392,-0.2497369775589607,-0.13128469423232086
cgsm_dual,no_entry_10s,stratum_minus_overall,8,-0.004444061450534109,-0.03843037184822143,0.03210337059026908
cgsm_dual,no_entry_10s,stratum_minus_matched,8,-0.01629018582408122,-0.04378451432230957,0.013498375413788646
cgsm_dual,no_entry_10s,cpa_matched,0,,,
cgsm_dual,no_entry_10s,stratum_minus_cpa_matched,0,,,
dualls_adapted,within_3s,overall,8,-0.17543784446185454,-0.2334813180215843,-0.12427370886430143
dualls_adapted,within_3s,stratum,8,-0.18852845654735997,-0.2767180973033704,-0.1098949657951583
dualls_adapted,within_3s,matched,8,-0.20342982573396579,-0.2659117620577326,-0.15012539985827983
dualls_adapted,within_3s,stratum_minus_overall,8,-0.013090612085505425,-0.06316122492446719,0.04015469549662726
dualls_adapted,within_3s,stratum_minus_matched,8,0.014901369186605805,-0.0291081197731867,0.06324108929276485
dualls_adapted,within_3s,cpa_matched,0,,,
dualls_adapted,within_3s,stratum_minus_cpa_matched,0,,,
dualls_adapted,within_5s,overall,8,-0.17543784446185454,-0.2334813180215843,-0.12427370886430143
dualls_adapted,within_5s,stratum,8,-0.17066132263527012,-0.2567455220110764,-0.09401801155721001
dualls_adapted,within_5s,matched,8,-0.20250842058900959,-0.26500994797196353,-0.14881848645904805
dualls_adapted,within_5s,stratum_minus_overall,8,0.004776521826584446,-0.040774835324332966,0.05385283599858314
dualls_adapted,within_5s,stratum_minus_matched,8,0.03184709795373951,-0.007972974288153285,0.07675697000382561
dualls_adapted,within_5s,cpa_matched,0,,,
dualls_adapted,within_5s,stratum_minus_cpa_matched,0,,,
dualls_adapted,within_10s,overall,8,-0.17543784446185454,-0.2334813180215843,-0.12427370886430143
dualls_adapted,within_10s,stratum,8,-0.1343201555427783,-0.20898218865955132,-0.06948826948223732
dualls_adapted,within_10s,matched,8,-0.1881522128898234,-0.24952556314180294,-0.13535761363873555
dualls_adapted,within_10s,stratum_minus_overall,8,0.041117688919076266,0.009478270302779488,0.07678810978997788
dualls_adapted,within_10s,stratum_minus_matched,8,0.05383205734704512,0.02657789373647197,0.08548945479642431
dualls_adapted,within_10s,cpa_matched,0,,,
dualls_adapted,within_10s,stratum_minus_cpa_matched,0,,,
dualls_adapted,ongoing,overall,8,-0.17543784446185454,-0.2334813180215843,-0.12427370886430143
dualls_adapted,ongoing,stratum,8,-0.23181044802816753,-0.3366156660336063,-0.13673783700383318
dualls_adapted,ongoing,matched,8,-0.2091666818550027,-0.2711857298228625,-0.1564588653316316
dualls_adapted,ongoing,stratum_minus_overall,8,-0.05637260356631299,-0.12677643429472055,0.013585225581467334
dualls_adapted,ongoing,stratum_minus_matched,8,-0.022643766173164867,-0.08552742422775989,0.04034295991491769
dualls_adapted,ongoing,cpa_matched,8,-0.165457003125602,-0.2436934542959646,-0.09642159696009571
dualls_adapted,ongoing,stratum_minus_cpa_matched,8,-0.06635344490256559,-0.09947101094123346,-0.035297468086944325
dualls_adapted,new_0_3s,overall,8,-0.17543784446185454,-0.2334813180215843,-0.12427370886430143
dualls_adapted,new_0_3s,stratum,8,0.0995619215085352,0.02232088536342923,0.19539460613516701
dualls_adapted,new_0_3s,matched,8,-0.16195140357526483,-0.230134359985159,-0.10060403114100866
dualls_adapted,new_0_3s,stratum_minus_overall,8,0.2749997659703898,0.18421770260665848,0.37747771383108397
dualls_adapted,new_0_3s,stratum_minus_matched,8,0.26151332508380004,0.17727701038218366,0.3566682114609859
dualls_adapted,new_0_3s,cpa_matched,8,-0.0934168918623722,-0.17212441104756304,-0.027763748030184405
dualls_adapted,new_0_3s,stratum_minus_cpa_matched,8,0.1929788133709074,0.1011797659828281,0.2968805592535211
dualls_adapted,new_3_5s,overall,8,-0.17543784446185454,-0.2334813180215843,-0.12427370886430143
dualls_adapted,new_3_5s,stratum,8,0.07974767296296364,-0.014003950778543613,0.16680786476653517
dualls_adapted,new_3_5s,matched,8,-0.19253169244228358,-0.2588780745517756,-0.1321574551327746
dualls_adapted,new_3_5s,stratum_minus_overall,8,0.2551855174248182,0.2043383731927801,0.3030285096400083
dualls_adapted,new_3_5s,stratum_minus_matched,8,0.2722793654052472,0.2248106996874773,0.32221304175663174
dualls_adapted,new_3_5s,cpa_matched,8,-0.13766657519256853,-0.20723581792090923,-0.07394272071707204
dualls_adapted,new_3_5s,stratum_minus_cpa_matched,8,0.21741424815553217,0.16989205454653847,0.27086037252900336
dualls_adapted,new_5_10s,overall,8,-0.17543784446185454,-0.2334813180215843,-0.12427370886430143
dualls_adapted,new_5_10s,stratum,8,0.09486602209543103,0.031595207450891415,0.16588884767572762
dualls_adapted,new_5_10s,matched,8,-0.09972550318890547,-0.1562415511108211,-0.048501731851566865
dualls_adapted,new_5_10s,stratum_minus_overall,8,0.27030386655728555,0.19885151566293924,0.34397947360032005
dualls_adapted,new_5_10s,stratum_minus_matched,8,0.1945915252843365,0.12672875216104584,0.2636788090467456
dualls_adapted,new_5_10s,cpa_matched,8,-0.007865406141415173,-0.07121868088108257,0.051039688359155476
dualls_adapted,new_5_10s,stratum_minus_cpa_matched,8,0.1027314282368462,0.01883435049766897,0.18603098427763495
dualls_adapted,no_entry_10s,overall,8,-0.17543784446185454,-0.2334813180215843,-0.12427370886430143
dualls_adapted,no_entry_10s,stratum,8,-0.1970507540358673,-0.25344881127642616,-0.14009187202680512
dualls_adapted,no_entry_10s,matched,8,-0.168502118897697,-0.22468703879245905,-0.1179398200343705
dualls_adapted,no_entry_10s,stratum_minus_overall,8,-0.021612909574012743,-0.05186793835201959,0.004203601481207286
dualls_adapted,no_entry_10s,stratum_minus_matched,8,-0.028548635138170294,-0.05494701025017653,-0.006078766036148762
dualls_adapted,no_entry_10s,cpa_matched,0,,,
dualls_adapted,no_entry_10s,stratum_minus_cpa_matched,0,,,
